,Company,Pages,Sustainability Report mention,first5sus,Annual Report mention,first5annual,exclusion,Year,bs_score,sustainability_score,Searched Year,Matching Year
0,3982_2020,77,1,1,1,0,0,2019,2,0,2020,False
1,15206_2020,285,1,1,1,0,0,2020,2,0,2020,True
2,384_2020,24,1,0,1,0,0,2020,0,0,2020,True
3,3977_2020,16,0,0,0,0,0,2020,0,0,2020,True
4,433_2020,16,0,0,1,1,0,2020,1,0,2020,True
5,15199_2020,29,0,0,0,0,0,2019,0,0,2020,False
6,15194_2020,52,1,1,1,0,0,2020,2,0,2020,True
7,3975_2020,156,1,1,1,1,0,2020,2,0,2020,True
8,15196_2020,110,1,1,1,0,1,2020,2,0,2020,True
9,15177_2020,16,0,0,0,0,0,2021,0,0,2020,False
10,370_2020,56,1,1,1,1,0,2020,2,0,2020,True
11,15174_2020,36,1,1,1,0,0,2020,2,0,2020,True
12,42_2020,70,1,1,1,1,0,2020,2,0,2020,True
13,518_2020,174,1,1,1,1,0,2020,2,0,2020,True
14,15119_2020,97,1,1,1,0,0,2020,2,0,2020,True
15,15118_2020,145,1,1,1,0,1,2020,2,0,2020,True
16,36_2020,279,1,0,1,1,1,2020,0,0,2020,True
17,15107_2020,170,1,0,1,1,0,2020,1,0,2020,True
18,366_2020,199,1,0,1,0,0,2020,0,0,2020,True
19,38_2020,177,1,1,1,1,0,2020,2,0,2020,True
20,3971_2020,124,0,0,1,0,0,2017,0,0,2020,False
21,15095_2020,3,1,1,0,0,1,2020,2,0,2020,True
22,514_2020,90,1,1,1,1,0,2021,2,0,2020,False
23,364_2020,21,1,0,1,0,1,2020,0,0,2020,True
24,513_2020,209,1,1,1,1,1,2020,2,0,2020,True
25,17414_2020,11,0,0,0,0,0,2021,0,0,2020,False
26,15083_2020,434,1,0,1,0,0,2018,0,0,2020,False
27,44_2020,56,1,0,0,0,0,2020,0,0,2020,True
28,512_2020,268,1,0,1,1,0,2018,1,0,2020,False
29,15061_2020,88,1,1,0,0,0,2019,2,0,2020,False
30,15060_2020,15,1,0,0,0,1,2020,0,0,2020,True
31,511_2020,340,1,1,1,0,0,2018,2,0,2020,False
32,15042_2020,15,1,1,1,0,0,2020,2,0,2020,True
33,3969_2020,202,1,1,1,0,0,2020,2,0,2020,True
34,3968_2020,48,1,1,1,0,0,2020,2,0,2020,True
35,3967_2019,294,1,0,1,1,0,2019,1,0,2019,True
36,3966_2019,5,0,0,0,0,0,2021,0,0,2019,False
37,17752_2019,136,1,1,1,1,0,2019,2,0,2019,True
38,3956_2019,72,1,1,0,0,0,2018,2,0,2019,False
39,3958_2019,49,1,1,1,0,0,2019,2,0,2019,True
40,3961_2019,82,0,0,1,1,0,2020,1,0,2019,False
41,3962_2019,47,1,1,1,1,0,2020,2,0,2019,False
42,3953_2019,191,1,1,1,0,0,2019,2,0,2019,True
43,3947_2019,5,0,0,0,0,0,2014,0,0,2019,False
44,3946_2019,63,1,1,0,0,0,2019,2,0,2019,True
45,3945_2019,33,0,0,0,0,0,2019,0,0,2019,True
46,3943_2019,645,1,0,1,0,0,2020,0,0,2019,False
47,3937_2019,213,1,0,1,1,0,2020,1,0,2019,False
48,3939_2019,51,1,1,1,0,0,2019,2,0,2019,True
49,499_2019,278,1,1,1,0,0,2001,2,0,2019,False
50,3933_2019,87,0,0,1,1,0,2017,1,0,2019,False
51,3932_2019,49,0,0,0,0,0,2019,0,0,2019,True
52,3931_2019,171,0,0,1,1,0,2014,1,0,2019,False
53,3925_2019,111,1,1,1,0,0,2019,2,0,2019,True
54,492_2019,191,1,1,1,0,0,2019,2,0,2019,True
55,3926_2019,204,1,0,1,1,0,2019,1,0,2019,True
56,3924_2019,74,0,0,0,0,0,2019,0,0,2019,True
57,491_2019,56,1,1,1,1,0,2021,2,0,2019,False
58,490_2019,30,1,1,0,0,0,2020,2,0,2019,False
59,488_2019,177,1,0,1,1,0,2019,1,0,2019,True
60,3919_2019,389,0,0,1,1,0,2019,1,0,2019,True
61,3916_2019,89,1,1,1,1,0,2018,2,0,2019,False
62,3918_2019,33,0,0,0,0,0,2019,0,0,2019,True
63,3917_2019,240,1,0,1,1,0,2020,1,0,2019,False
64,3911_2019,43,1,1,1,0,0,2020,2,0,2019,False
65,3912_2019,234,0,0,0,0,0,2021,0,0,2019,False
66,14981_2019,144,0,0,1,0,0,2019,0,0,2019,True
67,15006_2019,213,1,1,1,0,0,2000,2,0,2019,False
68,14988_2019,200,1,1,1,0,0,2020,2,0,2019,False
69,14961_2019,200,1,1,1,0,0,2019,2,0,2019,True
70,3909_2019,132,0,0,1,1,0,2019,1,0,2019,True
71,3905_2019,218,0,0,1,0,0,2018,0,0,2019,False
72,14959_2019,5,0,0,0,0,0,2020,0,0,2019,False
73,29_2019,19,1,1,1,1,0,2019,2,0,2019,True
74,14932_2019,153,1,1,1,0,0,2019,2,0,2019,True
75,14922_2019,83,1,1,0,0,0,2019,2,0,2019,True
76,14912_2019,1452,0,0,1,0,0,2021,0,0,2019,False
77,3901_2019,132,0,0,1,1,0,2020,1,0,2019,False
78,3897_2019,17,0,0,0,0,0,2020,0,0,2019,False
79,14890_2019,467,1,0,1,0,0,2021,0,0,2019,False
80,3888_2019,50,0,0,1,1,0,2020,1,0,2019,False
81,3890_2019,42,0,0,0,0,0,2012,0,0,2019,False
82,3887_2019,109,0,0,0,0,0,2021,0,0,2019,False
83,14884_2019,142,1,1,0,0,0,2020,2,0,2019,False
84,14883_2019,9,1,1,0,0,0,2019,2,0,2019,True
85,3883_2019,87,1,1,0,0,0,2020,2,0,2019,False
86,14820_2019,181,1,0,1,1,0,2020,1,0,2019,False
87,17265_2019,336,0,0,1,0,0,2017,0,0,2019,False
88,3882_2019,165,1,0,1,1,0,2019,1,0,2019,True
89,467_2019,93,1,1,1,0,1,2019,2,0,2019,True
90,33_2019,21,1,1,0,0,0,2019,2,0,2019,True
91,17257_2019,177,0,0,1,1,0,2019,1,0,2019,True
92,3880_2019,103,0,0,0,0,0,0,0,0,2019,False
93,3871_2019,127,1,1,0,0,1,2019,2,0,2019,True
94,3876_2019,427,1,0,1,1,0,2019,1,0,2019,True
95,3873_2019,193,1,1,1,0,0,2020,2,0,2019,False
96,3870_2019,70,1,1,1,0,0,2018,2,0,2019,False
97,14773_2019,347,1,0,1,1,0,2019,1,0,2019,True
98,462_2019,209,1,0,1,1,0,2019,1,0,2019,True
99,463_2019,115,1,1,1,0,0,2019,2,0,2019,True
100,14765_2019,75,1,0,1,1,0,2019,1,0,2019,True
101,14768_2019,26,1,0,0,0,0,2021,0,0,2019,False
102,14769_2019,224,1,1,1,0,1,2019,2,0,2019,True
103,14764_2019,53,1,1,0,0,0,2020,2,0,2019,False
104,3843_2019,124,1,1,1,0,0,2019,2,0,2019,True
105,3842_2019,124,1,1,1,0,0,2019,2,0,2019,True
106,17253_2019,14,0,0,0,0,0,2020,0,0,2019,False
107,3840_2019,232,1,1,1,0,0,2019,2,0,2019,True
108,3838_2019,203,0,0,1,0,0,2000,0,0,2019,False
109,14740_2019,101,1,1,1,1,0,2019,2,0,2019,True
110,14734_2019,55,0,0,0,0,0,2019,0,0,2019,True
111,3819_2019,266,1,1,1,0,0,2019,2,0,2019,True
112,3830_2019,138,0,0,1,0,0,2019,0,0,2019,True
113,14691_2019,65,1,1,0,0,0,2019,2,0,2019,True
114,14699_2019,87,1,1,1,0,0,2019,2,0,2019,True
115,461_2019,225,1,0,1,1,0,2019,1,0,2019,True
116,3824_2019,52,0,0,0,0,0,2020,0,0,2019,False
117,3825_2019,16,1,1,0,0,1,2020,2,0,2019,False
118,3832_2019,435,0,0,1,1,0,2019,1,0,2019,True
119,17878_2019,11,0,0,1,1,0,2020,1,0,2019,False
120,3829_2019,253,0,0,1,0,0,0,0,0,2019,False
121,3822_2019,5,0,0,0,0,0,2019,0,0,2019,True
122,14647_2019,380,1,0,1,1,0,2019,1,0,2019,True
123,14658_2019,48,1,1,1,0,0,2020,2,0,2019,False
124,3818_2019,180,1,1,1,0,1,2019,2,0,2019,True
125,14649_2019,48,1,1,0,0,0,2019,2,0,2019,True
126,23_2019,41,1,1,0,0,0,2018,2,0,2019,False
127,25_2019,49,1,1,1,0,0,2019,2,0,2019,True
128,459_2019,105,1,1,1,0,0,2019,2,0,2019,True
129,3815_2019,168,1,0,1,1,0,2019,1,0,2019,True
130,3812_2019,295,0,0,1,1,0,2019,1,0,2019,True
131,14613_2019,89,1,1,0,0,1,2019,2,0,2019,True
132,69_2019,14,0,0,1,0,0,2020,0,0,2019,False
133,3809_2019,44,0,0,1,1,0,2020,1,0,2019,False
134,14561_2019,94,1,0,1,1,0,2019,1,0,2019,True
135,3810_2019,51,1,1,1,1,1,2019,2,0,2019,True
136,17263_2019,156,0,0,1,1,1,2019,0,0,2019,True
137,3807_2019,133,0,0,1,1,0,2019,1,0,2019,True
138,3802_2019,56,1,1,1,0,0,2020,2,0,2019,False
139,3806_2019,75,1,1,1,0,0,2019,2,0,2019,True
140,3800_2019,241,1,1,1,1,0,2019,2,0,2019,True
141,3796_2019,13,0,0,1,1,0,2018,1,0,2019,False
142,3798_2019,57,1,1,0,0,0,2019,2,0,2019,True
143,3797_2019,142,1,1,1,1,1,2019,2,0,2019,True
144,3795_2019,142,1,1,1,1,1,2019,2,0,2019,True
145,14410_2019,114,1,1,1,0,1,2020,2,0,2019,False
146,3788_2019,127,1,1,1,0,1,2020,2,0,2019,False
147,14404_2019,84,1,1,1,0,0,2010,2,0,2019,False
148,3792_2019,87,0,0,1,1,0,2018,1,0,2019,False
149,3791_2019,50,0,0,1,1,0,2020,1,0,2019,False
150,14390_2019,18,1,1,0,0,1,2020,2,0,2019,False
151,14394_2019,93,1,1,1,1,0,2019,2,0,2019,True
152,3787_2019,243,1,0,1,1,0,2019,1,0,2019,True
153,3778_2019,39,0,0,1,1,0,2021,1,0,2019,False
154,3780_2019,89,0,0,1,1,0,2020,1,0,2019,False
155,3772_2019,39,1,1,1,0,1,2019,2,0,2019,True
156,3783_2019,148,1,0,1,1,0,2020,1,0,2019,False
157,3775_2019,68,1,1,1,0,0,2019,2,0,2019,True
158,3770_2019,36,0,0,0,0,0,2017,0,0,2019,False
159,22_2019,532,1,0,1,1,0,2020,1,0,2019,False
160,17569_2019,14,1,1,1,0,1,2020,2,0,2019,False
161,17120_2019,32,1,0,1,0,0,2020,0,0,2019,False
162,447_2019,288,1,1,1,0,0,2019,2,0,2019,True
163,3759_2019,122,1,1,1,0,0,2019,2,0,2019,True
164,3762_2019,131,0,0,0,0,0,2020,0,0,2019,False
165,3757_2019,22,1,1,0,0,1,2020,2,0,2019,False
166,3754_2019,181,0,0,0,0,0,2019,0,0,2019,True
167,14226_2019,50,1,1,1,1,0,2019,2,0,2019,True
168,3750_2019,5,0,0,0,0,0,2018,0,0,2019,False
169,3752_2019,89,1,1,1,0,0,2020,2,0,2019,False
170,14151_2019,25,0,0,0,0,0,2019,0,0,2019,True
171,3748_2019,189,1,1,1,0,0,2019,2,0,2019,True
172,14019_2019,52,1,1,1,0,1,2020,2,0,2019,False
173,3746_2019,41,0,0,0,0,0,2020,0,0,2019,False
174,17417_2019,56,1,1,1,0,0,2020,2,0,2019,False
175,17876_2019,124,0,0,1,0,0,2019,0,0,2019,True
176,441_2019,55,1,0,0,0,0,2019,0,0,2019,True
177,3744_2019,271,1,1,1,1,0,2020,2,0,2019,False
178,3743_2019,89,0,0,1,1,0,2021,1,0,2019,False
179,13971_2019,73,0,0,1,0,0,2018,0,0,2019,False
180,3740_2019,43,0,0,1,1,0,2019,1,0,2019,True
181,434_2019,42,1,1,1,1,0,2019,2,0,2019,True
182,13882_2019,121,1,1,0,0,0,2019,2,0,2019,True
183,3738_2019,18,0,0,0,0,0,2020,0,0,2019,False
184,3739_2019,397,0,0,1,0,0,2013,0,0,2019,False
185,13890_2019,57,1,1,0,0,0,2020,2,0,2019,False
186,13881_2019,117,1,1,0,0,0,2020,2,0,2019,False
187,13876_2019,17,0,0,1,1,0,2019,1,0,2019,True
188,20_2019,281,1,1,1,0,0,2019,2,0,2019,True
189,13865_2019,60,1,1,1,1,0,2019,2,0,2019,True
190,13863_2019,43,0,0,1,1,0,2019,1,0,2019,True
191,17126_2019,41,0,0,0,0,0,2020,0,0,2019,False
192,13849_2019,31,0,0,0,0,0,2020,0,0,2019,False
193,3735_2019,148,1,1,1,1,0,2019,2,0,2019,True
194,432_2019,136,1,0,1,1,0,2019,1,0,2019,True
195,3732_2019,72,1,1,0,0,0,2018,2,0,2019,False
196,13770_2019,45,1,1,1,1,0,2019,2,0,2019,True
197,431_2019,200,1,0,1,1,0,2019,1,0,2019,True
198,13725_2019,71,0,0,1,1,0,2019,1,0,2019,True
199,17062_2019,130,0,0,1,0,0,2021,0,0,2019,False
200,3727_2019,43,0,0,0,0,0,2019,0,0,2019,True
201,3726_2019,225,1,0,1,1,0,2020,1,0,2019,False
202,3719_2019,125,0,0,1,0,0,2020,0,0,2019,False
203,17261_2019,487,1,1,1,0,0,2019,2,0,2019,True
204,13685_2019,17,1,0,0,0,0,2020,0,0,2019,False
205,3717_2019,81,1,1,1,0,1,2019,2,0,2019,True
206,3712_2019,226,1,0,1,1,0,2020,1,0,2019,False
207,3715_2019,142,0,0,0,0,0,2020,0,0,2019,False
208,3709_2019,184,1,0,1,1,0,2020,1,0,2019,False
209,13572_2019,430,0,0,1,0,0,2000,0,0,2019,False
210,3707_2019,294,1,0,1,1,0,2019,1,0,2019,True
211,13573_2019,14,1,1,1,1,1,2020,2,0,2019,False
212,13564_2019,41,0,0,1,0,0,2019,0,0,2019,True
213,425_2019,266,1,1,1,0,0,2019,2,0,2019,True
214,13494_2019,125,1,1,1,0,0,2020,2,0,2019,False
215,13498_2019,31,1,1,0,0,0,2019,2,0,2019,True
216,3702_2019,282,0,0,1,0,0,2020,0,0,2019,False
217,13493_2019,59,0,0,0,0,0,2020,0,0,2019,False
218,3705_2019,485,0,0,1,0,0,2010,0,0,2019,False
219,3698_2019,224,0,0,1,1,0,2020,1,0,2019,False
220,3699_2019,57,1,1,0,0,1,2019,2,0,2019,True
221,13443_2019,37,1,1,0,0,0,2019,2,0,2019,True
222,13420_2019,45,1,1,0,0,0,2020,2,0,2019,False
223,13399_2019,169,0,0,1,1,0,2019,1,0,2019,True
224,3693_2019,52,1,0,1,0,0,2006,0,0,2019,False
225,3695_2019,40,1,1,1,1,1,2019,2,0,2019,True
226,13426_2019,89,1,1,0,0,0,2020,2,0,2019,False
227,265_2019,119,0,0,1,1,0,2019,1,0,2019,True
228,13367_2019,82,1,0,1,1,0,2019,1,0,2019,True
229,13348_2019,265,1,1,1,0,0,2019,2,0,2019,True
230,13366_2019,115,1,1,1,1,0,2020,2,0,2019,False
231,13305_2019,186,0,0,1,1,0,2020,1,0,2019,False
232,13306_2019,11,0,0,0,0,0,2005,0,0,2019,False
233,3691_2019,19,0,0,0,0,0,2019,0,0,2019,True
234,13289_2019,169,1,1,0,0,0,2019,2,0,2019,True
235,3690_2019,55,1,1,1,0,1,2017,2,0,2019,False
236,13294_2019,113,1,0,1,1,0,2019,1,0,2019,True
237,3683_2019,118,1,0,1,1,0,2019,1,0,2019,True
238,17_2019,39,1,1,1,1,0,2019,2,0,2019,True
239,13251_2019,20,1,1,0,0,0,2019,2,0,2019,True
240,13241_2019,256,1,0,1,1,0,2019,1,0,2019,True
241,3680_2019,20,0,0,0,0,0,2020,0,0,2019,False
242,13230_2019,55,0,0,0,0,0,2019,0,0,2019,True
243,13181_2019,40,1,1,1,1,0,2020,2,0,2019,False
244,3678_2019,96,1,1,1,0,0,2020,2,0,2019,False
245,3674_2019,561,1,0,1,1,0,2019,1,0,2019,True
246,13147_2019,16,1,1,0,0,1,2020,2,0,2019,False
247,3667_2019,155,0,0,1,1,0,2021,1,0,2019,False
248,3668_2019,29,1,0,1,1,1,2021,0,0,2019,False
249,3666_2019,41,1,1,0,0,0,2021,2,0,2019,False
250,3662_2019,417,0,0,0,0,0,0,0,0,2019,False
251,3657_2019,387,1,0,1,1,0,2020,1,0,2019,False
252,3660_2019,6,0,0,0,0,0,2020,0,0,2019,False
253,3661_2019,76,1,0,1,0,0,2020,0,0,2019,False
254,3659_2019,64,1,1,1,1,0,2018,2,0,2019,False
255,13103_2019,95,1,1,1,1,0,2019,2,0,2019,True
256,3654_2019,41,0,0,0,0,0,2020,0,0,2019,False
257,414_2019,75,1,0,0,0,0,2019,0,0,2019,True
258,13001_2019,62,1,1,1,0,0,2020,2,0,2019,False
259,12998_2019,102,1,1,1,0,1,2019,2,0,2019,True
260,3652_2019,39,1,1,1,0,0,2019,2,0,2019,True
261,3650_2019,76,0,0,1,1,0,2019,1,0,2019,True
262,17259_2019,101,1,1,1,0,0,2019,2,0,2019,True
263,409_2019,60,1,1,0,0,0,2019,2,0,2019,True
264,17021_2019,450,0,0,1,0,0,2020,0,0,2019,False
265,3647_2019,66,1,1,1,0,0,2019,2,0,2019,True
266,3649_2019,149,1,1,1,1,0,2019,2,0,2019,True
267,3640_2019,55,0,0,0,0,0,2008,0,0,2019,False
268,12934_2019,44,1,0,1,0,0,2017,0,0,2019,False
269,17039_2019,331,0,0,1,0,0,2017,0,0,2019,False
270,17032_2019,200,0,0,1,1,0,2020,1,0,2019,False
271,3636_2019,33,1,0,0,0,0,2020,0,0,2019,False
272,3622_2019,26,0,0,1,1,0,2019,1,0,2019,True
273,3624_2019,52,0,0,0,0,0,2019,0,0,2019,True
274,3620_2019,52,0,0,0,0,0,2019,0,0,2019,True
275,12865_2019,83,1,1,1,0,1,2019,2,0,2019,True
276,3612_2019,150,1,1,1,0,0,2019,2,0,2019,True
277,12863_2019,40,0,0,0,0,0,2019,0,0,2019,True
278,3608_2019,223,1,0,1,1,0,2018,1,0,2019,False
279,3610_2019,432,1,1,1,1,0,2020,2,0,2019,False
280,17028_2019,14,0,0,0,0,0,2020,0,0,2019,False
281,3604_2019,38,0,0,1,1,0,2018,1,0,2019,False
282,3599_2019,70,1,1,1,0,0,2018,2,0,2019,False
283,402_2019,53,1,0,1,1,0,2019,1,0,2019,True
284,12740_2019,37,1,1,1,1,0,2019,2,0,2019,True
285,12738_2019,81,1,1,1,0,0,2019,2,0,2019,True
286,12752_2019,258,1,0,1,1,0,2020,1,0,2019,False
287,3594_2019,157,1,0,1,1,0,2020,1,0,2019,False
288,397_2019,243,1,1,1,0,0,2019,2,0,2019,True
289,12719_2019,61,1,1,1,0,0,2018,2,0,2019,False
290,395_2019,186,1,0,1,1,0,2019,1,0,2019,True
291,3586_2019,65,0,0,1,1,0,2019,1,0,2019,True
292,12698_2019,87,1,1,1,0,0,2020,2,0,2019,False
293,3579_2019,235,1,0,1,1,0,2019,1,0,2019,True
294,3581_2019,235,1,0,1,1,0,2019,1,0,2019,True
295,12700_2019,31,1,1,1,0,0,2019,2,0,2019,True
296,12679_2019,15,1,1,0,0,0,2018,2,0,2019,False
297,3576_2019,243,1,0,1,1,0,2019,1,0,2019,True
298,12670_2019,37,1,0,1,0,0,2019,0,0,2019,True
299,12659_2019,24,0,0,0,0,0,2022,0,0,2019,False
300,12665_2019,342,0,0,1,0,0,2018,0,0,2019,False
301,12598_2019,166,1,1,1,0,1,2018,2,0,2019,False
302,16953_2019,18,1,1,1,0,0,2019,2,0,2019,True
303,3570_2019,5,0,0,0,0,0,2019,0,0,2019,True
304,3569_2019,5,0,0,0,0,0,2019,0,0,2019,True
305,3565_2019,128,0,0,0,0,0,2016,0,0,2019,False
306,3552_2019,168,0,0,1,1,0,2019,1,0,2019,True
307,12550_2019,128,0,0,0,0,0,2019,0,0,2019,True
308,3550_2019,9,0,0,0,0,0,2018,0,0,2019,False
309,3555_2019,64,1,0,1,1,0,2019,1,0,2019,True
310,3554_2019,149,1,1,1,1,0,2020,2,0,2019,False
311,3543_2019,189,1,1,1,0,0,2019,2,0,2019,True
312,16904_2019,6,1,1,0,0,1,2019,2,0,2019,True
313,378_2019,154,1,0,1,1,0,2019,1,0,2019,True
314,12469_2019,112,1,1,0,0,0,2019,2,0,2019,True
315,12465_2019,148,1,0,1,1,0,2019,1,0,2019,True
316,12486_2019,29,0,0,0,0,0,2019,0,0,2019,True
317,12489_2019,9,1,0,1,1,1,2020,0,0,2019,False
318,376_2019,87,1,1,1,0,1,2019,2,0,2019,True
319,12458_2019,44,0,0,0,0,0,2020,0,0,2019,False
320,3538_2019,133,0,0,0,0,0,2015,0,0,2019,False
321,3535_2019,110,0,0,1,1,0,2019,1,0,2019,True
322,277_2019,62,1,1,1,1,0,2018,2,0,2019,False
323,3531_2019,228,1,1,1,0,1,2019,2,0,2019,True
324,12441_2019,108,1,1,1,1,0,2019,2,0,2019,True
325,12442_2019,47,1,1,1,1,0,2019,2,0,2019,True
326,16908_2019,38,0,0,0,0,0,2021,0,0,2019,False
327,3528_2019,73,1,1,1,0,0,2019,2,0,2019,True
328,3524_2019,164,1,1,1,1,0,2019,2,0,2019,True
329,12439_2019,41,1,1,0,0,0,2020,2,0,2019,False
330,17044_2019,190,0,0,0,0,0,2017,0,0,2019,False
331,3521_2019,264,0,0,1,1,0,2019,1,0,2019,True
332,3517_2019,90,1,1,1,0,0,2020,2,0,2019,False
333,3519_2019,170,1,0,1,1,0,2017,1,0,2019,False
334,16954_2019,289,1,0,0,0,0,2020,0,0,2019,False
335,12355_2019,18,1,1,0,0,1,2021,2,0,2019,False
336,3516_2019,228,1,1,1,0,0,2019,2,0,2019,True
337,3514_2019,653,0,0,1,0,0,2016,0,0,2019,False
338,12347_2019,112,1,1,1,1,0,2019,2,0,2019,True
339,3515_2019,181,1,0,1,1,0,2019,1,0,2019,True
340,3513_2019,179,0,0,1,0,0,0,0,0,2019,False
341,11_2019,25,1,1,1,1,0,2019,2,0,2019,True
342,3511_2019,56,0,0,1,0,0,2021,0,0,2019,False
343,3506_2019,52,1,1,1,0,0,2020,2,0,2019,False
344,12319_2019,105,0,0,1,1,0,2020,1,0,2019,False
345,3505_2019,73,1,1,1,0,0,2019,2,0,2019,True
346,3503_2019,66,0,0,1,1,0,2019,1,0,2019,True
347,3499_2019,216,1,0,1,1,0,2017,1,0,2019,False
348,16919_2019,266,1,1,1,0,0,2019,2,0,2019,True
349,3483_2019,321,1,1,1,1,0,2021,2,0,2019,False
350,12286_2019,239,1,1,1,1,0,2020,2,0,2019,False
351,3480_2019,96,0,0,0,0,0,2021,0,0,2019,False
352,12288_2019,242,1,1,1,0,0,2019,2,0,2019,True
353,3489_2019,81,1,1,1,1,1,2019,2,0,2019,True
354,3494_2019,287,0,0,0,0,0,2020,0,0,2019,False
355,3482_2019,96,0,0,0,0,0,2021,0,0,2019,False
356,3479_2019,35,0,0,1,0,0,2019,0,0,2019,True
357,3475_2019,62,1,1,0,0,0,2019,2,0,2019,True
358,3471_2019,78,1,1,1,0,0,2019,2,0,2019,True
359,3476_2019,77,1,1,1,0,0,2019,2,0,2019,True
360,3473_2019,70,1,1,1,0,0,2018,2,0,2019,False
361,3472_2019,511,1,1,1,0,0,2019,2,0,2019,True
362,3474_2019,82,0,0,1,1,0,2020,1,0,2019,False
363,12219_2019,302,1,1,1,0,0,2019,2,0,2019,True
364,3470_2019,64,1,1,1,0,0,2019,2,0,2019,True
365,12191_2019,217,0,0,0,0,0,2019,0,0,2019,True
366,228_2019,209,1,0,1,1,0,2019,1,0,2019,True
367,3469_2019,103,1,1,1,0,0,2019,2,0,2019,True
368,12186_2019,57,0,0,1,1,0,2019,1,0,2019,True
369,3466_2019,309,1,0,1,1,0,2018,1,0,2019,False
370,3465_2019,17,0,0,1,1,0,2019,1,0,2019,True
371,3459_2019,152,0,0,1,1,0,2017,1,0,2019,False
372,12088_2019,52,1,1,1,0,0,2019,2,0,2019,True
373,3454_2019,408,1,1,1,1,0,2019,2,0,2019,True
374,347_2019,44,1,1,1,1,0,2019,2,0,2019,True
375,3452_2019,92,1,1,1,0,0,2019,2,0,2019,True
376,3448_2019,39,0,0,0,0,0,2020,0,0,2019,False
377,3453_2019,5,0,0,0,0,0,2019,0,0,2019,True
378,3446_2019,5,0,0,0,0,0,2019,0,0,2019,True
379,12083_2019,141,1,1,1,1,0,2019,2,0,2019,True
380,3443_2019,254,0,0,0,0,0,2017,0,0,2019,False
381,3445_2019,575,0,0,1,1,0,2019,1,0,2019,True
382,16917_2019,47,1,1,1,0,0,2018,2,0,2019,False
383,344_2019,112,1,1,1,0,0,2019,2,0,2019,True
384,12011_2019,332,1,1,1,1,0,2019,2,0,2019,True
385,12012_2019,131,0,0,0,0,0,2018,0,0,2019,False
386,16995_2019,232,1,0,0,0,0,2020,0,0,2019,False
387,11919_2019,45,1,1,1,0,0,2018,2,0,2019,False
388,3435_2019,435,0,0,1,1,0,2019,1,0,2019,True
389,11897_2019,154,1,0,1,1,0,2020,1,0,2019,False
390,3432_2019,169,0,0,1,1,0,2020,1,0,2019,False
391,3425_2019,5,0,0,0,0,0,2019,0,0,2019,True
392,3422_2019,67,1,0,1,1,0,2016,1,0,2019,False
393,3420_2019,106,0,0,1,0,0,2019,0,0,2019,True
394,11845_2019,36,1,1,1,0,0,2019,2,0,2019,True
395,3416_2019,114,0,0,0,0,0,2019,0,0,2019,True
396,11769_2019,76,0,0,1,1,0,2020,1,0,2019,False
397,330_2019,270,0,0,1,1,0,2019,1,0,2019,True
398,3413_2019,259,1,0,1,1,0,2019,1,0,2019,True
399,3409_2019,64,0,0,1,1,0,2019,1,0,2019,True
400,329_2019,96,1,1,0,0,0,2019,2,0,2019,True
401,3407_2019,56,1,1,0,0,1,2020,2,0,2019,False
402,3406_2019,190,0,0,1,1,0,2019,1,0,2019,True
403,3405_2019,52,1,1,1,0,1,2020,2,0,2019,False
404,328_2019,20,1,1,1,0,0,2019,2,0,2019,True
405,3404_2019,235,1,0,1,1,0,2019,1,0,2019,True
406,11714_2019,78,1,1,1,0,0,2020,2,0,2019,False
407,11702_2019,59,1,1,1,0,0,2019,2,0,2019,True
408,11688_2019,511,1,1,1,0,0,2019,2,0,2019,True
409,3402_2019,67,1,0,0,0,0,2019,0,0,2019,True
410,3398_2019,18,1,0,0,0,0,2020,0,0,2019,False
411,16994_2019,26,1,1,1,0,0,2020,2,0,2019,False
412,325_2019,482,1,0,1,1,0,2019,1,0,2019,True
413,11671_2019,24,0,0,0,0,0,2019,0,0,2019,True
414,3393_2019,93,1,1,1,1,1,2020,2,0,2019,False
415,3394_2019,9,1,1,1,1,0,2019,2,0,2019,True
416,3387_2019,42,1,0,0,0,0,2017,0,0,2019,False
417,11643_2019,198,1,0,1,1,0,2019,1,0,2019,True
418,321_2019,247,1,1,1,1,0,2019,2,0,2019,True
419,3384_2019,50,0,0,1,1,0,2020,1,0,2019,False
420,3383_2019,186,1,0,1,0,0,2019,0,0,2019,True
421,196_2019,216,1,1,1,1,0,2017,2,0,2019,False
422,3379_2019,106,0,0,0,0,0,0,0,0,2019,False
423,3380_2019,144,1,1,0,0,0,2019,2,0,2019,True
424,11634_2019,94,1,1,1,0,0,2019,2,0,2019,True
425,3377_2019,294,1,0,1,0,0,2022,0,0,2019,False
426,319_2019,260,1,0,1,1,0,2019,1,0,2019,True
427,3370_2019,85,1,1,1,1,1,2020,2,0,2019,False
428,3371_2019,90,0,0,0,0,0,2019,0,0,2019,True
429,11631_2019,44,1,1,0,0,0,2020,2,0,2019,False
430,3367_2019,248,0,0,1,0,0,2016,0,0,2019,False
431,16914_2019,61,1,1,1,0,0,2018,2,0,2019,False
432,3363_2019,591,0,0,1,0,0,2021,0,0,2019,False
433,3362_2019,390,1,1,1,1,0,2019,2,0,2019,True
434,313_2019,178,1,0,1,1,1,2019,0,0,2019,True
435,3361_2019,82,0,0,1,1,0,2018,1,0,2019,False
436,3360_2019,51,1,1,1,0,0,2019,2,0,2019,True
437,3359_2019,54,1,0,0,0,0,2019,0,0,2019,True
438,3356_2019,208,1,0,1,1,0,2020,1,0,2019,False
439,207_2019,228,1,1,1,0,1,2019,2,0,2019,True
440,3348_2019,69,1,1,1,0,0,2019,2,0,2019,True
441,3350_2019,277,1,1,1,1,0,2019,2,0,2019,True
442,16913_2019,21,0,0,0,0,0,2019,0,0,2019,True
443,11567_2019,6,0,0,0,0,0,2019,0,0,2019,True
444,3346_2019,96,1,1,1,0,0,2014,2,0,2019,False
445,3345_2019,96,1,1,1,0,0,2014,2,0,2019,False
446,303_2019,37,1,1,1,1,0,2019,2,0,2019,True
447,3342_2019,92,0,0,0,0,0,2020,0,0,2019,False
448,3343_2019,26,1,1,0,0,0,2019,2,0,2019,True
449,3333_2019,21,0,0,0,0,0,2021,0,0,2019,False
450,11475_2019,3,1,1,0,0,0,2018,2,0,2019,False
451,297_2019,121,1,0,1,1,0,2019,1,0,2019,True
452,296_2019,60,1,1,1,0,0,2018,2,0,2019,False
453,11436_2019,76,1,0,1,0,0,2020,0,0,2019,False
454,3331_2019,130,1,0,1,0,0,2020,0,0,2019,False
455,11419_2019,41,1,1,0,0,0,2019,2,0,2019,True
456,16911_2019,11,0,0,1,1,0,2018,1,0,2019,False
457,11412_2019,133,0,0,1,1,0,2019,1,0,2019,True
458,11413_2019,71,0,0,1,1,0,2019,1,0,2019,True
459,9_2019,36,1,1,0,0,0,2019,2,0,2019,True
460,14963_2019,59,0,0,0,0,0,2021,0,0,2019,False
461,3329_2019,97,1,1,1,0,0,2019,2,0,2019,True
462,189_2019,96,1,1,1,0,0,2019,2,0,2019,True
463,16910_2019,77,1,0,1,0,0,2019,0,0,2019,True
464,3319_2019,153,0,0,1,1,0,2019,1,0,2019,True
465,3314_2019,144,1,0,1,1,0,2019,1,0,2019,True
466,3317_2019,67,1,1,1,0,1,2019,2,0,2019,True
467,3315_2019,89,0,0,1,1,0,2019,1,0,2019,True
468,11311_2019,121,1,1,0,0,0,2019,2,0,2019,True
469,17005_2019,15,1,1,0,0,1,2019,2,0,2019,True
470,285_2019,223,1,0,1,1,0,2019,1,0,2019,True
471,3309_2019,70,1,1,1,1,0,2019,2,0,2019,True
472,3304_2019,64,1,1,1,0,0,2018,2,0,2019,False
473,3308_2019,72,0,0,0,0,0,2019,0,0,2019,True
474,3299_2019,103,0,0,0,0,0,2020,0,0,2019,False
475,11271_2019,249,0,0,1,1,0,2019,1,0,2019,True
476,3298_2019,82,1,1,1,1,0,2019,2,0,2019,True
477,283_2019,153,1,0,1,1,0,2019,1,0,2019,True
478,282_2019,121,1,1,1,0,1,2019,2,0,2019,True
479,3295_2019,252,1,1,1,1,0,2020,2,0,2019,False
480,3292_2019,50,1,0,1,0,0,2020,0,0,2019,False
481,3293_2019,205,1,1,0,0,0,2019,2,0,2019,True
482,3286_2019,77,0,0,0,0,0,2021,0,0,2019,False
483,3287_2019,74,0,0,0,0,0,2019,0,0,2019,True
484,3288_2019,181,0,0,1,0,0,2014,0,0,2019,False
485,3289_2019,208,1,0,1,1,0,2020,1,0,2019,False
486,3285_2019,267,1,0,1,1,0,2018,1,0,2019,False
487,3282_2019,40,1,1,1,0,0,2019,2,0,2019,True
488,3269_2019,27,0,0,0,0,0,2019,0,0,2019,True
489,186_2019,170,1,0,1,1,0,2020,1,0,2019,False
490,11208_2019,174,1,0,1,1,0,2019,1,0,2019,True
491,279_2019,13,1,1,1,0,0,2019,2,0,2019,True
492,11205_2019,150,1,1,1,1,0,2019,2,0,2019,True
493,3267_2019,71,1,1,0,0,0,2019,2,0,2019,True
494,11188_2019,52,1,1,1,0,1,2020,2,0,2019,False
495,11185_2019,63,1,1,1,0,0,2022,2,0,2019,False
496,3266_2019,68,1,1,1,1,0,2019,2,0,2019,True
497,3265_2019,110,0,0,0,0,0,2020,0,0,2019,False
498,3260_2019,141,1,1,1,1,0,2019,2,0,2019,True
499,12_2019,138,1,1,1,1,0,2019,2,0,2019,True
500,11076_2019,28,0,0,0,0,0,2019,0,0,2019,True
501,3259_2019,14,0,0,0,0,0,2020,0,0,2019,False
502,3254_2018,200,1,0,1,1,0,2020,1,0,2018,False
503,3249_2018,59,0,0,0,0,0,2021,0,0,2018,False
504,3251_2018,271,1,1,1,1,0,2020,2,0,2018,False
505,3241_2018,284,1,1,1,0,0,2018,2,0,2018,True
506,14183_2018,309,1,0,1,1,0,2019,1,0,2018,False
507,3236_2018,180,0,0,1,0,0,0,0,0,2018,False
508,3235_2018,180,0,0,1,0,0,0,0,0,2018,False
509,14322_2018,255,1,1,1,0,0,0,2,0,2018,False
510,3234_2018,200,1,0,1,1,0,2020,1,0,2018,False
511,3233_2018,180,0,0,1,0,0,0,0,0,2018,False
512,3231_2018,95,0,0,0,0,0,2019,0,0,2018,False
513,3221_2018,137,1,1,1,0,0,2018,2,0,2018,True
514,3219_2018,31,1,1,1,1,0,2020,2,0,2018,False
515,3211_2018,140,1,1,1,0,0,2018,2,0,2018,True
516,3217_2018,130,1,1,1,1,0,2018,2,0,2018,True
517,3212_2018,85,0,0,1,0,0,2015,0,0,2018,False
518,267_2018,182,1,0,1,1,0,2018,1,0,2018,True
519,266_2018,165,1,1,1,0,0,2020,2,0,2018,False
520,3190_2018,240,1,1,0,0,0,2019,2,0,2018,False
521,3194_2018,151,1,0,1,1,0,2018,1,0,2018,True
522,3195_2018,216,1,0,1,0,0,2020,0,0,2018,False
523,3197_2018,87,0,0,1,1,0,2017,1,0,2018,False
524,3193_2018,66,1,1,1,0,0,2019,2,0,2018,False
525,3184_2018,243,1,1,1,0,0,2019,2,0,2018,False
526,11025_2018,221,0,0,1,1,0,2022,1,0,2018,False
527,3187_2018,79,1,1,1,1,0,2018,2,0,2018,True
528,3185_2018,134,0,0,1,1,0,2020,1,0,2018,False
529,11023_2018,39,1,1,0,0,0,2020,2,0,2018,False
530,11022_2018,106,0,0,0,0,0,2018,0,0,2018,True
531,256_2018,150,0,0,1,1,0,2018,1,0,2018,True
532,3180_2018,237,0,0,1,0,0,2021,0,0,2018,False
533,14167_2018,249,1,0,1,1,0,2018,1,0,2018,True
534,252_2018,87,1,1,1,0,0,2018,2,0,2018,True
535,251_2018,303,1,0,1,1,0,2018,1,0,2018,True
536,3174_2018,188,0,0,1,1,0,2020,1,0,2018,False
537,3177_2018,52,0,0,1,1,0,2013,1,0,2018,False
538,248_2018,117,1,1,1,0,0,2018,2,0,2018,True
539,3169_2018,42,0,0,0,0,0,2011,0,0,2018,False
540,3162_2018,61,1,1,1,0,0,2018,2,0,2018,True
541,3161_2018,61,1,1,1,0,0,2018,2,0,2018,True
542,10944_2018,65,1,1,0,0,0,2018,2,0,2018,True
543,3158_2018,212,0,0,1,1,0,2019,1,0,2018,False
544,10915_2018,3,0,0,0,0,0,2018,0,0,2018,True
545,10917_2018,37,1,1,0,0,0,2018,2,0,2018,True
546,10931_2018,75,0,0,1,0,0,2020,0,0,2018,False
547,8_2018,146,1,1,1,0,0,2018,2,0,2018,True
548,3154_2018,188,1,0,1,1,0,2018,1,0,2018,True
549,3152_2018,212,0,0,1,1,0,2019,1,0,2018,False
550,3157_2018,320,1,1,1,1,0,2018,2,0,2018,True
551,10897_2018,165,1,1,1,1,0,2018,2,0,2018,True
552,235_2018,369,1,0,1,1,0,2018,1,0,2018,True
553,14166_2018,255,1,1,1,0,0,0,2,0,2018,False
554,3149_2018,64,1,1,1,0,0,2018,2,0,2018,True
555,3147_2018,424,1,0,1,0,0,2018,0,0,2018,True
556,3146_2018,204,1,1,1,1,0,2018,2,0,2018,True
557,232_2018,50,1,1,1,0,1,2018,2,0,2018,True
558,234_2018,87,1,0,0,0,0,2018,0,0,2018,True
559,10879_2018,70,1,0,1,0,0,2020,0,0,2018,False
560,10878_2018,147,1,1,1,1,0,2018,2,0,2018,True
561,10880_2018,40,0,0,0,0,0,2020,0,0,2018,False
562,14173_2018,6,0,0,1,1,1,2021,0,0,2018,False
563,10872_2018,42,1,1,1,1,0,2019,2,0,2018,False
564,3134_2018,46,1,1,0,0,0,2018,2,0,2018,True
565,3127_2018,290,1,1,1,0,0,2018,2,0,2018,True
566,16984_2018,17,0,0,0,0,0,2019,0,0,2018,False
567,10859_2018,406,1,0,1,1,0,2020,1,0,2018,False
568,3126_2018,144,0,0,1,1,0,2020,1,0,2018,False
569,3123_2018,414,1,1,1,0,0,2018,2,0,2018,True
570,226_2018,74,1,1,1,0,0,2018,2,0,2018,True
571,224_2018,24,1,1,0,0,0,2018,2,0,2018,True
572,3119_2018,63,0,0,1,1,0,2020,1,0,2018,False
573,10804_2018,56,1,1,1,0,0,2018,2,0,2018,True
574,10819_2018,176,0,0,1,1,0,2021,1,0,2018,False
575,3115_2018,20,0,0,1,0,0,2018,0,0,2018,True
576,3114_2018,57,0,0,1,1,0,2018,1,0,2018,True
577,3106_2018,41,0,0,1,0,0,2018,0,0,2018,True
578,3102_2018,61,1,1,1,0,0,2020,2,0,2018,False
579,3101_2018,65,1,1,1,0,0,2019,2,0,2018,False
580,3100_2018,234,1,1,1,1,0,2020,2,0,2018,False
581,10624_2018,77,1,1,1,0,0,2018,2,0,2018,True
582,10614_2018,47,0,0,1,1,0,2019,1,0,2018,False
583,10626_2018,205,1,0,1,1,0,2018,1,0,2018,True
584,3095_2018,45,0,0,0,0,0,0,0,0,2018,False
585,13781_2018,41,0,0,0,0,0,2020,0,0,2018,False
586,10593_2018,14,1,1,1,0,1,2019,2,0,2018,False
587,3092_2018,55,0,0,0,0,0,2008,0,0,2018,False
588,3089_2018,130,1,1,0,0,0,2018,2,0,2018,True
589,3090_2018,189,1,1,1,1,0,2020,2,0,2018,False
590,13787_2018,44,1,1,0,0,0,2019,2,0,2018,False
591,3083_2018,42,0,0,0,0,0,2011,0,0,2018,False
592,3074_2018,33,0,0,1,0,0,2019,0,0,2018,False
593,13444_2018,12,0,0,0,0,0,2000,0,0,2018,False
594,3075_2018,166,1,1,1,0,1,2018,2,0,2018,True
595,3077_2018,166,1,0,1,1,0,2018,1,0,2018,True
596,3070_2018,188,1,0,1,1,0,2019,1,0,2018,False
597,3064_2018,200,1,0,1,1,0,2020,1,0,2018,False
598,161_2018,95,1,1,0,0,0,2018,2,0,2018,True
599,3055_2018,36,1,1,0,0,0,2019,2,0,2018,False
600,10480_2018,60,1,1,1,0,1,2020,2,0,2018,False
601,3048_2018,216,1,0,1,1,0,2017,1,0,2018,False
602,13786_2018,52,1,1,1,0,0,2018,2,0,2018,True
603,3042_2018,233,0,0,0,0,0,2018,0,0,2018,True
604,3036_2018,96,0,0,1,1,0,2018,1,0,2018,True
605,10465_2018,40,1,1,0,0,0,2018,2,0,2018,True
606,17873_2018,124,0,0,1,0,0,2019,0,0,2018,False
607,10421_2018,25,0,0,0,0,0,2019,0,0,2018,False
608,3034_2018,200,1,0,1,1,0,2018,1,0,2018,True
609,13275_2018,9,1,1,0,0,0,2019,2,0,2018,False
610,3029_2018,31,1,1,0,0,0,2019,2,0,2018,False
611,3028_2018,102,1,1,0,0,0,2018,2,0,2018,True
612,10359_2018,118,1,0,1,1,0,2018,1,0,2018,True
613,203_2018,264,1,0,1,1,0,2018,1,0,2018,True
614,3024_2018,18,0,0,0,0,0,2021,0,0,2018,False
615,3022_2018,724,1,0,1,1,0,2018,1,0,2018,True
616,10201_2018,13,1,0,0,0,1,2016,0,0,2018,False
617,3023_2018,104,0,0,1,1,0,2018,1,0,2018,True
618,10207_2018,172,1,0,1,1,0,2018,1,0,2018,True
619,10176_2018,61,1,1,1,0,0,2018,2,0,2018,True
620,3021_2018,109,0,0,0,0,0,2018,0,0,2018,True
621,3011_2018,45,0,0,0,0,0,0,0,0,2018,False
622,3009_2018,240,1,0,1,1,0,2018,1,0,2018,True
623,3012_2018,107,0,0,0,0,0,2018,0,0,2018,True
624,10173_2018,4,0,0,0,0,0,2005,0,0,2018,False
625,16932_2018,326,0,0,1,0,0,2017,0,0,2018,False
626,3018_2018,52,1,1,1,0,1,2020,2,0,2018,False
627,197_2018,75,1,1,1,1,1,2018,2,0,2018,True
628,10163_2018,9,0,0,0,0,0,2019,0,0,2018,False
629,3006_2018,101,0,0,0,0,0,2016,0,0,2018,False
630,10159_2018,166,1,1,1,0,1,2018,2,0,2018,True
631,10155_2018,141,1,1,1,0,0,2018,2,0,2018,True
632,10162_2018,33,1,1,1,1,0,2010,2,0,2018,False
633,3001_2018,69,1,0,1,1,0,2018,1,0,2018,True
634,10102_2018,151,1,1,1,0,0,2019,2,0,2018,False
635,3002_2018,69,1,1,0,0,0,2018,2,0,2018,True
636,194_2018,124,0,0,1,1,0,0,1,0,2018,False
637,10093_2018,105,1,1,1,1,0,2018,2,0,2018,True
638,10088_2018,55,1,1,1,0,1,2017,2,0,2018,False
639,16966_2018,6,0,0,0,0,1,2018,0,0,2018,True
640,2997_2018,25,1,0,1,1,0,2017,1,0,2018,False
641,10078_2018,63,1,0,1,1,0,2000,1,0,2018,False
642,10076_2018,25,0,0,1,1,0,2018,1,0,2018,True
643,10057_2018,70,1,1,1,0,0,2018,2,0,2018,True
644,2995_2018,249,1,0,1,1,0,2019,1,0,2018,False
645,2996_2018,249,1,0,1,1,0,2019,1,0,2018,False
646,10054_2018,174,0,0,1,1,0,2018,1,0,2018,True
647,16921_2018,43,0,0,1,1,0,2018,1,0,2018,True
648,10043_2018,127,1,1,1,0,0,2018,2,0,2018,True
649,10038_2018,33,1,1,1,0,0,2018,2,0,2018,True
650,2991_2018,87,1,1,1,1,0,2019,2,0,2018,False
651,2990_2018,59,0,0,0,0,0,2021,0,0,2018,False
652,2988_2018,102,0,0,1,1,0,2019,1,0,2018,False
653,9978_2018,6,1,1,0,0,0,2019,2,0,2018,False
654,2984_2018,47,1,1,0,0,1,2017,2,0,2018,False
655,2980_2018,12,1,1,0,0,0,2018,2,0,2018,True
656,2971_2018,72,0,0,1,1,0,2019,1,0,2018,False
657,2976_2018,41,1,0,0,0,0,2018,0,0,2018,True
658,2973_2018,90,0,0,0,0,0,2020,0,0,2018,False
659,2969_2018,280,1,0,1,0,0,2021,0,0,2018,False
660,2962_2018,121,1,0,0,0,0,2018,0,0,2018,True
661,2961_2018,78,1,1,1,1,0,2018,2,0,2018,True
662,2957_2018,55,1,1,1,0,1,2017,2,0,2018,False
663,2955_2018,27,1,1,0,0,0,2018,2,0,2018,True
664,2953_2018,69,1,0,1,0,0,2018,0,0,2018,True
665,2952_2018,210,1,0,1,1,0,2020,1,0,2018,False
666,2946_2018,250,1,0,1,1,0,2018,1,0,2018,True
667,9716_2018,85,1,1,1,1,0,2018,2,0,2018,True
668,2949_2018,340,1,1,1,0,0,2018,2,0,2018,True
669,2947_2018,87,1,1,1,0,0,2018,2,0,2018,True
670,169_2018,98,1,1,0,0,0,2020,2,0,2018,False
671,2939_2018,9,0,0,0,0,0,2014,0,0,2018,False
672,2938_2018,190,1,0,1,0,0,2018,0,0,2018,True
673,2941_2018,35,0,0,0,0,0,2018,0,0,2018,True
674,2940_2018,148,1,1,1,1,0,2019,2,0,2018,False
675,2930_2018,62,0,0,1,0,0,2018,0,0,2018,True
676,9601_2018,236,1,1,1,0,1,2018,2,0,2018,True
677,9600_2018,15,1,1,0,0,1,2018,2,0,2018,True
678,2928_2018,289,1,0,0,0,0,2020,0,0,2018,False
679,2927_2018,28,0,0,0,0,0,2018,0,0,2018,True
680,9596_2018,31,1,1,0,0,0,2018,2,0,2018,True
681,2925_2018,332,1,0,1,1,0,2018,1,0,2018,True
682,2920_2018,202,1,1,1,0,0,2020,2,0,2018,False
683,2917_2018,56,1,1,1,0,0,2020,2,0,2018,False
684,2916_2018,270,1,1,1,1,0,2018,2,0,2018,True
685,9584_2018,74,1,1,1,1,0,2019,2,0,2018,False
686,13776_2018,15,1,1,1,0,1,2021,2,0,2018,False
687,2912_2018,55,0,0,0,0,0,2020,0,0,2018,False
688,9581_2018,27,1,1,0,0,0,2018,2,0,2018,True
689,2905_2018,46,1,1,1,1,1,2020,2,0,2018,False
690,9521_2018,315,1,1,1,0,0,2020,2,0,2018,False
691,9526_2018,160,1,1,1,1,0,2018,2,0,2018,True
692,145_2018,85,1,0,1,0,0,2018,0,0,2018,True
693,9519_2018,243,1,1,1,1,0,2018,2,0,2018,True
694,2902_2018,88,0,0,1,1,0,2018,1,0,2018,True
695,2900_2018,153,1,1,1,0,0,2020,2,0,2018,False
696,2901_2018,335,1,1,1,0,0,2017,2,0,2018,False
697,2896_2018,32,0,0,0,0,0,2017,0,0,2018,False
698,2894_2018,169,0,0,1,1,0,2021,1,0,2018,False
699,11944_2018,6,1,1,0,0,1,2018,2,0,2018,True
700,143_2018,85,1,0,1,1,0,2018,1,0,2018,True
701,9465_2018,169,1,1,0,0,0,2018,2,0,2018,True
702,14175_2018,23,0,0,0,0,0,2019,0,0,2018,False
703,2891_2018,17,0,0,1,1,0,2018,1,0,2018,True
704,142_2018,88,1,1,1,1,1,2018,2,0,2018,True
705,9454_2018,37,1,1,1,1,0,2020,2,0,2018,False
706,9451_2018,255,1,1,1,0,0,0,2,0,2018,False
707,12460_2018,33,0,0,0,0,0,2018,0,0,2018,True
708,9455_2018,52,1,1,1,0,0,2018,2,0,2018,True
709,9448_2018,170,1,0,1,1,0,2020,1,0,2018,False
710,2889_2018,823,1,0,1,0,0,2018,0,0,2018,True
711,2888_2018,340,1,1,1,0,0,2018,2,0,2018,True
712,2875_2018,170,1,0,1,1,0,2020,1,0,2018,False
713,137_2018,25,1,0,1,1,0,2018,1,0,2018,True
714,2883_2018,11,0,0,1,0,0,2018,0,0,2018,True
715,2887_2018,707,1,0,1,0,0,2019,0,0,2018,False
716,2881_2018,199,1,1,0,0,0,2019,2,0,2018,False
717,14180_2018,167,0,0,0,0,0,2019,0,0,2018,False
718,9444_2018,184,0,0,1,0,0,2018,0,0,2018,True
719,11931_2018,38,0,0,0,0,0,2021,0,0,2018,False
720,2873_2018,34,1,1,0,0,0,2020,2,0,2018,False
721,9434_2018,153,1,1,1,0,0,2018,2,0,2018,True
722,9392_2018,412,1,1,1,0,0,2016,2,0,2018,False
723,2871_2018,367,0,0,1,1,0,2011,1,0,2018,False
724,2872_2018,52,1,1,1,0,1,2020,2,0,2018,False
725,2869_2018,9,1,1,1,1,0,2015,2,0,2018,False
726,9361_2018,33,1,1,1,1,0,2010,2,0,2018,False
727,2866_2018,59,0,0,1,1,0,2019,1,0,2018,False
728,2867_2018,53,1,1,0,0,0,2019,2,0,2018,False
729,131_2018,20,1,1,1,1,0,2018,2,0,2018,True
730,2865_2018,60,1,1,1,0,0,2019,2,0,2018,False
731,2860_2018,102,0,0,1,1,0,2019,1,0,2018,False
732,2861_2018,185,0,0,1,1,0,2018,1,0,2018,True
733,2858_2018,34,1,1,0,0,0,2020,2,0,2018,False
734,2855_2018,44,0,0,0,0,0,2017,0,0,2018,False
735,2854_2018,304,1,1,1,1,0,2018,2,0,2018,True
736,130_2018,189,1,1,1,1,0,2018,2,0,2018,True
737,2852_2018,35,1,1,0,0,0,2017,2,0,2018,False
738,9283_2018,93,1,1,1,0,1,2018,2,0,2018,True
739,2847_2018,129,1,1,1,0,1,2019,2,0,2018,False
740,9281_2018,46,1,1,1,1,1,2020,2,0,2018,False
741,9272_2018,157,1,1,1,0,0,2010,2,0,2018,False
742,127_2018,101,0,0,0,0,0,2018,0,0,2018,True
743,2841_2018,215,1,0,1,0,0,2021,0,0,2018,False
744,2840_2018,50,0,0,1,1,0,2020,1,0,2018,False
745,9222_2018,196,1,1,1,1,0,2018,2,0,2018,True
746,2836_2018,94,0,0,1,0,0,2020,0,0,2018,False
747,2834_2018,122,0,0,1,0,0,2000,0,0,2018,False
748,2833_2018,296,1,0,1,1,0,2019,1,0,2018,False
749,2831_2018,39,1,0,0,0,0,2008,0,0,2018,False
750,11935_2018,624,0,0,1,1,0,2019,1,0,2018,False
751,124_2018,69,1,1,1,0,0,2018,2,0,2018,True
752,2830_2018,65,1,1,1,0,0,2019,2,0,2018,False
753,12461_2018,67,1,1,1,0,0,2018,2,0,2018,True
754,2829_2018,148,1,1,1,0,0,2017,2,0,2018,False
755,16923_2018,327,0,0,1,0,0,2017,0,0,2018,False
756,2827_2018,85,1,1,1,0,0,2012,2,0,2018,False
757,9137_2018,13,1,0,1,0,1,2016,0,0,2018,False
758,2820_2018,187,1,0,1,1,0,2018,1,0,2018,True
759,2818_2018,113,1,1,1,0,0,2018,2,0,2018,True
760,2810_2018,76,1,0,1,0,0,2020,0,0,2018,False
761,2811_2018,295,0,0,0,0,0,2019,0,0,2018,False
762,9108_2018,15,1,1,0,0,1,2019,2,0,2018,False
763,112_2018,80,1,1,0,0,0,2018,2,0,2018,True
764,9028_2018,99,1,0,1,0,0,2018,0,0,2018,True
765,2807_2018,19,1,1,0,0,1,2020,2,0,2018,False
766,8947_2018,115,1,1,0,0,0,2019,2,0,2018,False
767,110_2018,33,1,1,1,0,0,2018,2,0,2018,True
768,8889_2018,4,0,0,0,0,0,2019,0,0,2018,False
769,2798_2018,101,1,0,0,0,0,2019,0,0,2018,False
770,2797_2018,203,1,1,1,1,0,2019,2,0,2018,False
771,2795_2018,99,0,0,0,0,0,2017,0,0,2018,False
772,2793_2018,69,1,1,1,0,0,2020,2,0,2018,False
773,2789_2018,157,1,1,1,1,0,2021,2,0,2018,False
774,96_2018,63,1,1,1,0,0,2020,2,0,2018,False
775,2787_2018,17,0,0,0,0,0,2019,0,0,2018,False
776,95_2018,229,1,0,1,1,0,2018,1,0,2018,True
777,2780_2018,96,0,0,1,1,0,2019,1,0,2018,False
778,2781_2018,191,1,1,1,0,0,2019,2,0,2018,False
779,8599_2018,81,1,1,1,0,0,2018,2,0,2018,True
780,2779_2018,148,0,0,0,0,0,2001,0,0,2018,False
781,8597_2018,25,1,1,0,0,0,2018,2,0,2018,True
782,17871_2018,124,0,0,1,0,0,2019,0,0,2018,False
783,2775_2018,188,0,0,1,0,0,2019,0,0,2018,False
784,2771_2018,34,1,1,0,0,0,2020,2,0,2018,False
785,13288_2018,26,0,0,1,1,0,2018,1,0,2018,True
786,2765_2018,76,1,1,0,0,0,2021,2,0,2018,False
787,2767_2018,36,0,0,1,1,0,2019,1,0,2018,False
788,93_2018,32,1,1,1,1,0,2018,2,0,2018,True
789,2749_2018,145,1,1,1,1,0,2017,2,0,2018,False
790,2759_2018,9,0,0,0,0,0,2009,0,0,2018,False
791,2758_2018,245,1,0,1,1,0,2020,1,0,2018,False
792,2755_2018,43,0,0,1,0,0,2018,0,0,2018,True
793,2750_2018,416,0,0,1,0,0,2019,0,0,2018,False
794,2757_2018,255,1,1,1,0,0,0,2,0,2018,False
795,2751_2018,18,1,0,0,0,0,2019,0,0,2018,False
796,2744_2018,12,1,1,0,0,0,2018,2,0,2018,True
797,2747_2018,216,1,1,1,0,0,2018,2,0,2018,True
798,8446_2018,74,1,1,1,1,0,2019,2,0,2018,False
799,11938_2018,152,1,0,1,1,0,2019,1,0,2018,False
800,2740_2018,24,1,1,0,0,0,2020,2,0,2018,False
801,2743_2018,54,1,1,1,0,0,2019,2,0,2018,False
802,2735_2018,44,0,0,0,0,0,2021,0,0,2018,False
803,2733_2018,105,1,1,1,1,1,2018,2,0,2018,True
804,2729_2018,8,0,0,0,0,0,2019,0,0,2018,False
805,90_2018,144,1,0,1,1,0,2018,1,0,2018,True
806,2732_2018,131,1,0,1,1,0,2020,1,0,2018,False
807,2730_2018,131,1,0,1,1,0,2020,1,0,2018,False
808,2731_2018,219,0,0,0,0,0,2003,0,0,2018,False
809,2727_2018,455,0,0,1,0,0,2018,0,0,2018,True
810,13282_2018,11,1,1,0,0,1,2011,2,0,2018,False
811,8412_2018,117,1,1,1,0,0,2018,2,0,2018,True
812,8415_2018,175,1,1,1,0,0,2019,2,0,2018,False
813,2725_2018,27,0,0,0,0,0,2019,0,0,2018,False
814,2724_2018,72,0,0,0,0,0,2013,0,0,2018,False
815,8381_2018,63,1,1,0,0,0,2018,2,0,2018,True
816,8382_2018,148,1,0,1,1,0,2020,1,0,2018,False
817,2720_2018,321,0,0,0,0,0,2018,0,0,2018,True
818,2719_2018,54,0,0,0,0,0,2019,0,0,2018,False
819,2718_2018,183,1,0,1,0,0,2019,0,0,2018,False
820,8209_2018,56,1,1,1,0,0,2018,2,0,2018,True
821,2711_2018,139,0,0,0,0,0,2007,0,0,2018,False
822,2710_2018,107,1,0,1,1,0,2018,1,0,2018,True
823,81_2018,265,1,1,1,0,0,2018,2,0,2018,True
824,2708_2018,46,0,0,0,0,0,2020,0,0,2018,False
825,2706_2018,14,0,0,0,0,0,2018,0,0,2018,True
826,2704_2018,33,0,0,0,0,0,2003,0,0,2018,False
827,2705_2018,249,1,0,1,0,0,2001,0,0,2018,False
828,2700_2018,129,1,0,1,1,0,2019,1,0,2018,False
829,80_2018,175,1,1,1,0,0,2018,2,0,2018,True
830,8123_2018,72,1,1,1,1,0,2018,2,0,2018,True
831,8121_2018,127,1,1,1,0,0,2018,2,0,2018,True
832,8116_2018,178,0,0,1,1,0,2020,1,0,2018,False
833,2695_2018,255,1,1,1,0,0,0,2,0,2018,False
834,2692_2018,128,1,1,1,1,0,2018,2,0,2018,True
835,2690_2018,270,1,1,1,1,0,2018,2,0,2018,True
836,2689_2018,50,0,0,1,1,0,2020,1,0,2018,False
837,11928_2018,6,1,1,0,0,1,2019,2,0,2018,False
838,2685_2018,65,1,1,1,0,0,2019,2,0,2018,False
839,7931_2018,30,0,0,1,0,0,2018,0,0,2018,True
840,2681_2018,185,0,0,1,1,0,2018,1,0,2018,True
841,2680_2018,173,1,1,1,1,0,2018,2,0,2018,True
842,7917_2018,38,0,0,1,0,0,2018,0,0,2018,True
843,11926_2018,158,1,1,1,1,1,2019,2,0,2018,False
844,2674_2018,13,1,1,0,0,0,2020,2,0,2018,False
845,2673_2018,68,0,0,0,0,0,2018,0,0,2018,True
846,7860_2018,388,0,0,1,1,0,2020,1,0,2018,False
847,7835_2018,86,0,0,1,1,0,2018,1,0,2018,True
848,7836_2018,86,0,0,1,1,0,2018,1,0,2018,True
849,7822_2018,17,1,1,0,0,1,2018,2,0,2018,True
850,2669_2018,27,1,1,0,0,0,2018,2,0,2018,True
851,2668_2018,56,1,1,0,0,1,2018,2,0,2018,True
852,2667_2018,149,0,0,1,1,0,2018,1,0,2018,True
853,2666_2018,14,1,1,1,1,1,2019,2,0,2018,False
854,4047_2020,49,1,1,1,0,0,2020,2,0,2020,True
855,16456_2020,127,1,0,1,1,0,2020,1,0,2020,True
856,16468_2020,7,1,1,0,0,1,2020,2,0,2020,True
857,16447_2020,86,1,1,1,0,0,2020,2,0,2020,True
858,17993_2020,11,0,0,0,0,0,2020,0,0,2020,True
859,16423_2020,133,1,1,1,0,0,2020,2,0,2020,True
860,482_2020,120,1,1,1,0,0,2020,2,0,2020,True
861,547_2020,69,1,1,1,0,0,2020,2,0,2020,True
862,16357_2020,33,1,1,1,1,0,2010,2,0,2020,False
863,16362_2020,41,1,1,1,0,0,2020,2,0,2020,True
864,78_2020,57,1,1,1,0,0,2020,2,0,2020,True
865,16347_2020,94,1,1,1,0,1,2020,2,0,2020,True
866,16350_2020,77,1,1,1,0,0,2020,2,0,2020,True
867,16356_2020,114,1,1,1,0,0,2019,2,0,2020,False
868,477_2020,89,1,1,1,0,0,2020,2,0,2020,True
869,476_2020,181,1,1,1,1,0,2020,2,0,2020,True
870,16281_2020,193,1,1,1,1,0,2020,2,0,2020,True
871,645_2020,41,1,1,0,0,0,2019,2,0,2020,False
872,16276_2020,54,1,1,1,1,0,2018,2,0,2020,False
873,4044_2020,89,0,0,1,1,0,2020,1,0,2020,True
874,474_2020,72,1,1,1,1,0,2020,2,0,2020,True
875,535_2020,7,0,0,0,0,0,2021,0,0,2020,False
876,16263_2020,47,1,1,1,1,0,2019,2,0,2020,False
877,643_2020,86,1,1,1,0,0,2020,2,0,2020,True
878,16259_2020,59,1,1,1,0,0,2020,2,0,2020,True
879,16257_2020,342,1,0,1,1,0,2020,1,0,2020,True
880,638_2020,82,0,0,0,0,0,2020,0,0,2020,True
881,16237_2020,220,0,0,1,1,0,2020,1,0,2020,True
882,16241_2020,100,1,1,1,1,0,2020,2,0,2020,True
883,636_2020,44,1,1,1,0,0,2021,2,0,2020,False
884,16229_2020,179,1,1,1,1,0,2020,2,0,2020,True
885,16234_2020,15,1,1,0,0,1,2021,2,0,2020,False
886,16217_2020,97,1,1,1,0,1,2019,2,0,2020,False
887,635_2020,34,1,1,1,1,0,2020,2,0,2020,True
888,16212_2020,68,1,1,1,0,0,2020,2,0,2020,True
889,16208_2020,24,1,1,1,0,1,2021,2,0,2020,False
890,16207_2020,77,1,1,0,0,0,2021,2,0,2020,False
891,16201_2020,4,0,0,0,0,1,2020,0,0,2020,True
892,16206_2020,14,0,0,0,0,0,2021,0,0,2020,False
893,628_2020,157,1,1,1,1,0,2021,2,0,2020,False
894,16193_2020,140,1,0,1,1,0,2020,1,0,2020,True
895,16195_2020,50,1,1,1,0,0,2020,2,0,2020,True
896,16178_2020,113,1,1,1,0,0,2020,2,0,2020,True
897,16179_2020,141,1,1,1,0,0,2021,2,0,2020,False
898,16177_2020,56,1,1,1,1,0,2020,2,0,2020,True
899,626_2020,317,0,0,1,0,0,2020,0,0,2020,True
900,17855_2020,107,1,0,1,1,0,2020,1,0,2020,True
901,457_2020,81,0,0,0,0,0,2020,0,0,2020,True
902,622_2020,11,1,1,0,0,0,2020,2,0,2020,True
903,624_2020,223,1,0,0,0,0,2019,0,0,2020,False
904,16166_2020,427,0,0,1,0,0,2021,0,0,2020,False
905,16165_2020,47,1,1,1,1,0,2019,2,0,2020,False
906,17852_2020,19,0,0,0,0,0,2021,0,0,2020,False
907,4042_2020,113,0,0,0,0,0,2020,0,0,2020,True
908,618_2020,244,1,1,1,1,0,2020,2,0,2020,True
909,619_2020,269,1,1,1,0,0,2020,2,0,2020,True
910,16152_2020,115,1,1,1,1,0,2011,2,0,2020,False
911,16150_2020,287,1,1,1,1,0,2019,2,0,2020,False
912,4039_2020,285,1,1,1,1,0,2019,2,0,2020,False
913,617_2020,164,1,0,1,1,0,2020,1,0,2020,True
914,614_2020,205,0,0,1,1,0,2020,1,0,2020,True
915,16141_2020,106,1,1,0,0,0,2019,2,0,2020,False
916,16139_2020,58,1,1,1,0,0,2020,2,0,2020,True
917,16135_2020,446,1,0,1,0,0,2020,0,0,2020,True
918,612_2020,202,1,1,1,0,0,2020,2,0,2020,True
919,16107_2020,148,1,1,1,1,0,2020,2,0,2020,True
920,454_2020,317,1,1,1,0,0,2020,2,0,2020,True
921,16097_2020,50,1,1,1,0,0,2000,2,0,2020,False
922,17858_2020,15,1,1,1,0,1,2021,2,0,2020,False
923,16126_2020,55,1,1,0,0,0,2020,2,0,2020,True
924,16123_2020,11,1,0,1,1,0,2020,1,0,2020,True
925,63_2020,330,1,1,1,1,0,2020,2,0,2020,True
926,4036_2020,109,1,1,1,0,1,2011,2,0,2020,False
927,602_2020,257,0,0,0,0,0,2020,0,0,2020,True
928,16051_2020,8,1,0,0,0,1,2021,0,0,2020,False
929,16018_2020,25,1,1,0,0,0,2020,2,0,2020,True
930,16038_2020,15,1,1,0,0,1,2021,2,0,2020,False
931,605_2020,172,0,0,1,1,0,2020,1,0,2020,True
932,16017_2020,189,1,1,1,1,0,2020,2,0,2020,True
933,599_2020,100,1,0,1,1,0,2020,1,0,2020,True
934,598_2020,11,0,0,0,0,0,2020,0,0,2020,True
935,16001_2020,75,1,1,1,0,0,2020,2,0,2020,True
936,4035_2020,54,0,0,0,0,0,2020,0,0,2020,True
937,15998_2020,15,1,0,0,0,0,2021,0,0,2020,False
938,15993_2020,134,1,1,1,0,0,2019,2,0,2020,False
939,15988_2020,53,1,1,1,0,1,2020,2,0,2020,True
940,15995_2020,144,0,0,0,0,0,2021,0,0,2020,False
941,15989_2020,123,1,1,1,0,0,2020,2,0,2020,True
942,595_2020,216,0,0,1,0,0,2020,0,0,2020,True
943,15986_2020,125,0,0,1,1,0,2020,1,0,2020,True
944,4032_2020,121,0,0,1,0,0,2021,0,0,2020,False
945,4033_2020,157,1,1,1,0,0,2020,2,0,2020,True
946,17848_2020,39,1,1,0,0,0,2021,2,0,2020,False
947,17850_2020,166,0,0,1,1,0,2020,1,0,2020,True
948,15971_2020,232,1,1,1,0,0,2020,2,0,2020,True
949,15973_2020,218,1,0,1,1,0,2020,1,0,2020,True
950,15951_2020,17,1,1,1,1,0,2021,2,0,2020,False
951,15946_2020,861,1,0,1,0,0,2017,0,0,2020,False
952,17887_2020,141,0,0,1,1,0,2021,1,0,2020,False
953,15959_2020,21,1,0,1,0,0,2021,0,0,2020,False
954,15955_2020,173,0,0,0,0,0,2017,0,0,2020,False
955,15925_2020,43,1,1,0,0,0,2020,2,0,2020,True
956,15927_2020,45,1,1,0,0,0,2019,2,0,2020,False
957,17892_2020,22,0,0,1,0,0,2021,0,0,2020,False
958,15924_2020,178,0,0,1,1,0,2020,1,0,2020,True
959,17884_2020,218,0,0,0,0,0,2020,0,0,2020,True
960,4029_2020,148,1,0,1,1,0,2020,1,0,2020,True
961,59_2020,122,1,1,1,0,0,2020,2,0,2020,True
962,15912_2020,19,1,1,0,0,1,2020,2,0,2020,True
963,15908_2020,28,1,0,1,0,1,2021,0,0,2020,False
964,588_2020,41,1,1,0,0,0,2019,2,0,2020,False
965,15901_2020,118,1,0,1,1,0,2020,1,0,2020,True
966,586_2020,7,1,1,1,1,0,2020,2,0,2020,True
967,4026_2020,116,1,1,1,1,0,2020,2,0,2020,True
968,15889_2020,14,1,0,1,0,1,2019,0,0,2020,False
969,15885_2020,14,1,0,0,0,0,2011,0,0,2020,False
970,580_2020,203,1,0,1,1,0,2020,1,0,2020,True
971,15877_2020,84,1,1,1,1,0,2020,2,0,2020,True
972,4023_2020,82,0,0,1,1,0,2020,1,0,2020,True
973,575_2020,28,0,0,1,1,0,2019,1,0,2020,False
974,15849_2020,145,1,1,1,1,0,2020,2,0,2020,True
975,574_2020,202,1,1,1,0,0,2020,2,0,2020,True
976,571_2020,84,1,1,1,1,0,2020,2,0,2020,True
977,15821_2020,194,1,1,1,0,0,2020,2,0,2020,True
978,15820_2020,57,1,1,1,0,0,2020,2,0,2020,True
979,4020_2020,50,0,0,1,1,0,2020,1,0,2020,True
980,4021_2020,86,0,0,1,0,0,2021,0,0,2020,False
981,4018_2020,25,1,0,0,0,0,2020,0,0,2020,True
982,4015_2020,191,0,0,0,0,0,2014,0,0,2020,False
983,15770_2020,25,1,0,1,0,0,2019,0,0,2020,False
984,15745_2020,50,1,1,1,0,0,2020,2,0,2020,True
985,15752_2020,68,1,1,1,0,0,2020,2,0,2020,True
986,4013_2020,79,0,0,1,1,0,2020,1,0,2020,True
987,4010_2020,56,0,0,1,0,0,2020,0,0,2020,True
988,15717_2020,42,1,1,0,0,0,2014,2,0,2020,False
989,15689_2020,188,1,0,1,1,0,2020,1,0,2020,True
990,4007_2020,4,0,0,0,0,0,2021,0,0,2020,False
991,4009_2020,76,1,1,1,0,0,2020,2,0,2020,True
992,15691_2020,89,1,0,1,1,0,2020,1,0,2020,True
993,563_2020,50,1,1,1,0,0,2020,2,0,2020,True
994,15656_2020,45,1,1,0,0,0,2020,2,0,2020,True
995,15666_2020,17,0,0,1,1,0,2020,1,0,2020,True
996,561_2020,16,1,1,1,0,0,2020,2,0,2020,True
997,4006_2020,129,0,0,1,1,0,2019,1,0,2020,False
998,15647_2020,16,1,1,1,0,0,2020,2,0,2020,True
999,15649_2020,117,1,1,1,1,0,2020,2,0,2020,True
1000,560_2020,116,0,0,1,1,0,2020,1,0,2020,True
1001,15641_2020,38,1,1,0,0,0,2020,2,0,2020,True
1002,15643_2020,110,1,1,1,0,1,2020,2,0,2020,True
1003,49_2020,89,1,1,1,1,0,2020,2,0,2020,True
1004,15625_2020,86,1,1,1,0,1,2018,2,0,2020,False
1005,50_2020,251,1,0,1,1,0,2020,1,0,2020,True
1006,15571_2020,13,1,0,0,0,1,2020,0,0,2020,True
1007,4005_2020,54,1,1,0,0,1,2020,2,0,2020,True
1008,557_2020,119,1,1,1,1,0,2020,2,0,2020,True
1009,15579_2020,5,1,1,0,0,0,2020,2,0,2020,True
1010,556_2020,67,1,1,1,0,0,2020,2,0,2020,True
1011,4002_2020,98,1,1,1,0,1,2020,2,0,2020,True
1012,17753_2020,38,0,0,0,0,0,2021,0,0,2020,False
1013,15554_2020,11,1,0,0,0,1,2021,0,0,2020,False
1014,51_2020,177,1,0,1,1,0,2020,1,0,2020,True
1015,401_2020,30,1,1,0,0,0,2020,2,0,2020,True
1016,554_2020,10,0,0,0,0,0,2021,0,0,2020,False
1017,553_2020,7,1,1,1,1,0,2020,2,0,2020,True
1018,4000_2020,142,0,0,0,0,0,2020,0,0,2020,True
1019,548_2020,30,1,1,1,1,0,2020,2,0,2020,True
1020,545_2020,68,1,1,1,0,0,2020,2,0,2020,True
1021,3991_2020,319,0,0,1,1,0,2020,1,0,2020,True
1022,3994_2020,189,0,0,0,0,0,2021,0,0,2020,False
1023,3997_2020,175,0,0,1,1,0,2020,1,0,2020,True
1024,544_2020,88,1,1,1,0,0,2020,2,0,2020,True
1025,53_2020,95,1,1,1,0,0,2020,2,0,2020,True
1026,543_2020,67,1,1,0,0,1,2020,2,0,2020,True
1027,539_2020,4,0,0,0,0,0,2018,0,0,2020,False
1028,15484_2020,45,1,1,1,0,0,2018,2,0,2020,False
1029,15481_2020,96,1,1,1,1,0,2020,2,0,2020,True
1030,54_2020,58,1,1,1,1,1,2020,2,0,2020,True
1031,15460_2020,52,1,1,1,0,1,2020,2,0,2020,True
1032,15453_2020,193,1,1,1,0,0,2020,2,0,2020,True
1033,3987_2020,37,1,1,1,1,0,2020,2,0,2020,True
1034,15439_2020,65,0,0,0,0,0,2020,0,0,2020,True
1035,3986_2020,208,1,0,1,1,0,2020,1,0,2020,True
1036,390_2020,444,1,0,1,1,0,2020,1,0,2020,True
1037,15383_2020,217,1,0,1,1,0,2020,1,0,2020,True
1038,15368_2020,125,1,1,0,0,1,2020,2,0,2020,True
1039,15351_2020,98,1,1,1,1,0,2021,2,0,2020,False
1040,15353_2020,6,1,1,0,0,1,2020,2,0,2020,True
1041,15348_2020,364,1,1,1,1,0,2020,2,0,2020,True
1042,15341_2020,125,1,1,0,0,1,2020,2,0,2020,True
1043,17847_2020,278,0,0,0,0,0,2003,0,0,2020,False
1044,15345_2020,101,1,1,0,0,1,2020,2,0,2020,True
1045,15342_2020,254,1,0,1,1,0,2020,1,0,2020,True
1046,532_2020,31,0,0,1,1,0,2020,1,0,2020,True
1047,43_2020,24,0,0,0,0,1,2021,0,0,2020,False
1048,529_2020,57,1,0,0,0,0,0,0,0,2020,False
1049,531_2020,145,0,0,1,1,0,2020,1,0,2020,True
1050,530_2020,72,1,1,1,0,0,2011,2,0,2020,False
1051,525_2020,109,1,1,1,0,1,2020,2,0,2020,True
1052,522_2020,81,1,1,1,0,0,2020,2,0,2020,True
1053,524_2020,8,0,0,0,0,0,2020,0,0,2020,True
1054,15247_2020,98,1,1,1,1,0,2019,2,0,2020,False
1055,15241_2020,66,1,1,0,0,0,2018,2,0,2020,False
1056,3980_2020,77,1,1,1,0,0,2019,2,0,2020,False
1057,15229_2020,255,1,0,1,1,0,2020,1,0,2020,True
