,Company,Pages,Sustainability Report mention,first5sus,Annual Report mention,first5annual,exclusion,Year,bs_score,sustainability_score
0,86,6,1,1,0,0,1,2021,2,0
1,16357,387,1,1,1,1,0,2018,2,0
2,16447,16,1,1,0,0,1,2021,2,0
3,16423,133,1,1,1,0,0,2020,2,0
4,16456,72,1,1,1,0,0,2019,2,0
5,4047,60,1,1,1,1,0,2020,2,0
6,16468,7,1,1,0,0,1,2020,2,0
7,75,29,1,1,1,0,1,2016,2,0
8,84,80,1,1,1,0,0,2019,2,0
9,17993,11,0,0,0,0,0,2020,0,0
10,547,50,1,1,0,0,0,2021,2,0
11,16359,78,1,1,1,0,1,2020,2,0
12,16356,151,0,0,1,0,0,2021,0,0
13,16347,94,1,1,1,0,1,2020,2,0
14,477,44,1,1,0,0,0,2021,2,0
15,16281,193,1,1,1,1,0,2020,2,0
16,16362,41,1,1,1,0,0,2020,2,0
17,4045,76,1,1,0,0,0,2021,2,0
18,4044,101,1,1,1,1,0,2021,2,0
19,16276,47,1,1,1,1,0,2015,2,0
20,474,137,1,1,1,1,0,2021,2,0
21,535,26,1,0,0,0,0,2021,0,0
22,16263,364,1,1,1,1,0,2020,2,0
23,77,13,1,1,1,0,1,2021,2,0
24,643,81,1,1,1,0,0,2021,2,0
25,74,23,1,0,0,0,1,2021,0,0
26,16257,342,1,0,1,1,0,2020,1,0
27,16237,21,0,0,1,1,0,2020,1,0
28,636,44,1,1,1,0,0,2021,2,0
29,635,34,1,1,1,1,0,2020,2,0
30,16229,179,1,1,1,1,0,2020,2,0
31,16217,55,1,1,1,0,0,2018,2,0
32,16212,68,1,1,1,0,0,2020,2,0
33,16208,24,1,1,1,0,1,2021,2,0
34,16207,77,1,1,0,0,0,2021,2,0
35,628,157,1,1,1,1,0,2021,2,0
36,16195,32,0,0,0,0,0,2021,0,0
37,16193,140,1,0,1,1,0,2020,1,0
38,16178,261,1,0,1,1,0,2020,1,0
39,16179,141,1,1,1,0,0,2021,2,0
40,16177,43,1,1,1,0,0,2020,2,0
41,17855,39,1,1,0,0,0,2021,2,0
42,626,317,0,0,1,0,0,2020,0,0
43,622,11,1,1,0,0,0,2021,2,0
44,624,225,1,0,0,0,0,2020,0,0
45,16166,427,0,0,1,0,0,2021,0,0
46,4042,92,1,1,1,0,0,2019,2,0
47,619,3,1,1,0,0,0,2020,2,0
48,16165,52,1,1,1,1,0,2020,2,0
49,17852,19,0,0,0,0,0,2021,0,0
50,618,244,1,1,1,1,0,2020,2,0
51,16152,90,0,0,0,0,0,2021,0,0
52,4040,67,1,1,0,0,0,2019,2,0
53,16150,287,1,1,1,1,0,2019,2,0
54,4039,276,1,0,1,1,0,2020,1,0
55,617,164,1,0,1,1,0,2020,1,0
56,16141,106,1,1,0,0,0,2019,2,0
57,16135,23,1,0,1,0,1,2017,0,0
58,16139,58,1,1,1,0,0,2020,2,0
59,17858,15,1,1,1,0,1,2021,2,0
60,16097,50,1,1,1,0,0,2000,2,0
61,612,202,1,1,1,0,0,2020,2,0
62,16126,78,1,0,1,0,0,2021,0,0
63,16123,19,1,0,1,0,1,2021,0,0
64,4036,43,0,0,1,1,0,2020,1,0
65,602,69,1,1,1,0,0,2021,2,0
66,16107,148,1,1,1,1,0,2020,2,0
67,16051,8,1,0,0,0,1,2021,0,0
68,63,330,1,1,1,1,0,2020,2,0
69,16018,25,1,1,0,0,0,2020,2,0
70,16038,15,1,1,0,0,1,2021,2,0
71,598,11,0,0,0,0,0,2020,0,0
72,605,172,0,0,1,1,0,2020,1,0
73,16017,10,1,1,0,0,1,2021,2,0
74,599,99,1,1,1,1,0,2020,2,0
75,449,280,1,0,1,1,0,2021,1,0
76,16001,314,0,0,1,0,0,2021,0,0
77,4035,54,0,0,0,0,0,2020,0,0
78,15998,15,1,0,0,0,0,2021,0,0
79,15989,15,1,1,1,0,1,2021,2,0
80,15988,53,1,1,1,0,1,2020,2,0
81,15995,144,0,0,0,0,0,2021,0,0
82,15993,134,1,1,1,0,0,2019,2,0
83,15986,125,0,0,1,1,0,2020,1,0
84,595,216,0,0,1,0,0,2020,0,0
85,4032,233,1,0,1,1,0,2020,1,0
86,4033,194,1,1,1,0,0,2020,2,0
87,17850,166,0,0,1,1,0,2020,1,0
88,17848,171,0,0,1,1,0,2020,1,0
89,15971,232,1,1,1,0,0,2020,2,0
90,15951,17,1,1,1,0,1,2021,2,0
91,15973,218,1,0,1,1,0,2020,1,0
92,15925,57,1,1,0,0,0,2021,2,0
93,15959,21,1,0,1,0,0,2021,0,0
94,15927,45,1,1,0,0,0,2019,2,0
95,17892,22,0,0,1,0,0,2021,0,0
96,4029,29,1,1,0,0,0,2020,2,0
97,15908,15,1,0,0,0,0,2021,0,0
98,15912,14,1,1,0,0,1,2021,2,0
99,15946,861,1,0,1,0,0,2017,0,0
100,15924,178,0,0,1,1,0,2020,1,0
101,15955,173,0,0,0,0,0,2017,0,0
102,588,132,1,1,1,1,0,2018,2,0
103,15901,118,1,0,1,1,0,2020,1,0
104,15902,34,0,0,1,0,0,2021,0,0
105,586,7,1,1,1,1,0,2020,2,0
106,580,168,1,1,1,0,0,2021,2,0
107,15885,16,0,0,0,0,0,2021,0,0
108,15889,11,1,0,0,0,0,2019,0,0
109,4026,253,1,0,1,1,0,2021,1,0
110,15877,84,1,1,1,1,0,2020,2,0
111,4023,82,0,0,1,1,0,2020,1,0
112,575,28,0,0,1,1,0,2019,1,0
113,15848,15,1,1,0,0,1,2021,2,0
114,15849,145,1,1,1,1,0,2020,2,0
115,574,202,1,1,1,0,0,2020,2,0
116,571,44,0,0,1,0,0,2021,0,0
117,15820,83,1,1,1,0,1,2021,2,0
118,4021,86,0,0,1,0,0,2021,0,0
119,4020,50,0,0,1,1,0,2020,1,0
120,4015,191,0,0,0,0,0,2014,0,0
121,15821,27,1,1,0,0,0,2021,2,0
122,4018,200,1,0,1,1,0,2020,1,0
123,15784,4,0,0,0,0,1,2018,0,0
124,15752,41,1,1,0,0,0,2020,2,0
125,15770,173,1,0,1,0,0,2018,0,0
126,4010,63,1,0,1,0,0,2021,0,0
127,4013,79,0,0,1,1,0,2020,1,0
128,4007,4,0,0,0,0,0,2021,0,0
129,15689,12,1,1,0,0,1,2021,2,0
130,15717,48,1,1,1,1,0,2017,2,0
131,4009,79,1,1,1,0,0,2021,2,0
132,15691,24,0,0,1,0,1,2021,0,0
133,15656,45,1,1,0,0,0,2020,2,0
134,15666,9,0,0,0,0,0,2021,0,0
135,561,41,1,1,1,1,0,2021,2,0
136,563,50,1,1,1,0,0,2020,2,0
137,15647,11,1,1,1,1,1,2020,2,0
138,4006,772,0,0,1,0,0,2008,0,0
139,15649,117,1,1,1,1,0,2020,2,0
140,560,137,1,1,1,1,0,2021,2,0
141,15643,110,1,1,1,0,1,2020,2,0
142,15641,63,1,1,1,0,1,2020,2,0
143,412,77,1,1,0,0,0,2021,2,0
144,49,89,1,1,1,1,0,2020,2,0
145,15625,79,1,1,1,0,0,2021,2,0
146,50,251,1,0,1,1,0,2020,1,0
147,15571,97,1,1,1,1,0,2020,2,0
148,4005,54,1,1,0,0,1,2020,2,0
149,556,67,1,1,1,0,0,2020,2,0
150,557,119,1,1,1,1,0,2020,2,0
151,17753,38,0,0,0,0,0,2021,0,0
152,15554,11,1,0,0,0,1,2021,0,0
153,15579,14,1,0,1,1,1,2020,0,0
154,554,10,0,0,0,0,0,2021,0,0
155,553,7,1,1,1,1,0,2020,2,0
156,4000,142,0,0,0,0,0,2020,0,0
157,401,65,1,1,1,0,1,2020,2,0
158,548,30,1,1,1,1,0,2020,2,0
159,545,68,1,1,1,0,0,2020,2,0
160,3991,319,0,0,1,1,0,2020,1,0
161,3994,189,0,0,0,0,0,2021,0,0
162,3997,122,0,0,1,0,0,2020,0,0
163,544,88,1,1,1,0,0,2020,2,0
164,53,95,1,1,1,0,0,2020,2,0
165,543,67,1,1,0,0,1,2020,2,0
166,15484,6,1,1,0,0,0,2020,2,0
167,539,122,1,1,0,0,0,2021,2,0
168,54,58,1,1,1,1,1,2020,2,0
169,15481,96,1,1,1,1,0,2020,2,0
170,15460,52,1,1,1,0,1,2020,2,0
171,15453,193,1,1,1,0,0,2020,2,0
172,391,94,1,1,0,0,0,2002,2,0
173,3987,232,1,1,1,0,1,2020,2,0
174,15383,217,1,0,1,1,0,2020,1,0
175,3986,40,0,0,0,0,0,2021,0,0
176,15439,65,0,0,0,0,0,2020,0,0
177,390,41,1,1,0,0,0,2010,2,0
178,15368,108,1,1,0,0,0,2021,2,0
179,15351,98,1,1,1,1,0,2021,2,0
180,15353,13,1,1,0,0,1,2021,2,0
181,15348,42,1,0,0,0,0,2019,0,0
182,15341,108,1,1,0,0,0,2021,2,0
183,17847,305,0,0,1,0,0,2020,0,0
184,15342,254,1,0,1,1,0,2020,1,0
185,15345,101,1,1,0,0,1,2020,2,0
186,529,3,1,1,0,0,0,2020,2,0
187,532,44,1,1,1,0,0,2019,2,0
188,531,145,0,0,1,1,0,2020,1,0
189,525,109,1,1,1,0,1,2020,2,0
190,522,81,1,1,1,0,0,2020,2,0
191,15241,17,1,1,0,0,0,2010,2,0
192,524,8,0,0,0,0,0,2020,0,0
193,15247,35,1,1,1,0,0,2020,2,0
194,15229,76,0,0,1,1,0,2018,1,0
195,3980,77,1,1,1,0,0,2019,2,0
196,3982,77,1,1,1,0,0,2019,2,0
197,383,15,1,0,0,0,1,2020,0,0
198,15206,285,1,1,1,0,0,2020,2,0
199,384,267,1,0,1,1,0,2021,1,0
200,364,21,1,0,1,0,1,2020,0,0
201,15174,106,1,0,1,0,0,2020,0,0
202,3977,482,0,0,0,0,0,2021,0,0
203,15196,35,1,1,0,0,0,2020,2,0
204,42,70,1,1,1,1,0,2020,2,0
205,15194,52,1,1,1,0,0,2020,2,0
206,15199,29,0,0,0,0,0,2019,0,0
207,15177,16,0,0,0,0,0,2021,0,0
208,3975,63,1,0,1,0,0,2021,0,0
209,513,34,0,0,1,0,0,2021,0,0
210,17414,19,0,0,0,0,0,2021,0,0
211,15119,97,1,1,1,0,0,2020,2,0
212,518,150,0,0,1,1,0,2021,1,0
213,15118,145,1,1,1,0,1,2020,2,0
214,15083,434,1,0,1,0,0,2018,0,0
215,15107,170,1,0,1,1,0,2020,1,0
216,36,279,1,0,1,1,1,2020,0,0
217,38,63,1,1,1,0,0,2021,2,0
218,514,90,1,1,1,1,0,2021,2,0
219,15095,32,1,0,1,0,0,2021,0,0
220,3971,124,0,0,1,0,0,2017,0,0
221,512,268,1,0,1,1,0,2018,1,0
222,15061,88,1,1,0,0,0,2019,2,0
223,15060,15,1,0,0,0,1,2020,0,0
224,511,340,1,1,1,0,0,2018,2,0
225,15042,150,1,0,1,0,0,2021,0,0
226,3969,202,1,1,1,0,0,2020,2,0
227,3968,36,0,0,0,0,0,2021,0,0
228,3967,294,1,0,1,1,0,2019,1,0
229,3966,5,0,0,0,0,0,2021,0,0
230,17752,19,1,1,0,0,0,2020,2,0
231,3956,72,1,1,0,0,0,2018,2,0
232,3958,239,0,0,1,0,0,2020,0,0
233,3961,82,0,0,1,1,0,2020,1,0
234,3962,47,1,1,1,1,0,2020,2,0
235,3947,71,1,1,0,0,0,2019,2,0
236,3946,224,1,0,1,1,0,2021,1,0
237,3945,18,0,0,0,0,0,2020,0,0
238,3943,645,1,0,1,0,0,2020,0,0
239,3937,213,1,0,1,1,0,2020,1,0
240,3939,69,1,1,1,0,0,2020,2,0
241,494,107,1,1,1,1,0,2020,2,0
242,3933,96,0,0,1,1,0,2020,1,0
243,3932,49,0,0,0,0,0,2019,0,0
244,3931,171,0,0,1,1,0,2014,1,0
245,3925,57,1,0,1,0,0,2021,0,0
246,492,189,1,1,1,0,0,2020,2,0
247,3926,258,1,0,1,1,0,2020,1,0
248,3924,74,0,0,0,0,0,2019,0,0
249,490,30,1,1,0,0,0,2020,2,0
250,3919,26,1,1,0,0,0,2020,2,0
251,3916,223,1,1,1,1,0,2000,2,0
252,3918,33,0,0,0,0,0,2019,0,0
253,3917,240,1,0,1,1,0,2020,1,0
254,3911,388,0,0,1,1,0,2020,1,0
255,3912,234,0,0,0,0,0,2021,0,0
256,14981,52,1,0,1,0,0,0,0,0
257,15006,16,1,0,0,0,1,2020,0,0
258,14988,200,1,1,1,0,0,2020,2,0
259,14961,200,1,1,1,0,0,2020,2,0
260,3909,106,0,0,1,1,0,2020,1,0
261,14960,65,0,0,0,0,0,2000,0,0
262,3905,511,1,0,1,1,0,2020,1,0
263,14959,5,0,0,0,0,0,2020,0,0
264,29,73,1,1,1,0,0,2020,2,0
265,14932,161,1,1,1,1,0,2020,2,0
266,14922,85,1,1,1,1,0,2020,2,0
267,14912,1452,0,0,1,0,0,2021,0,0
268,3901,8,0,0,0,0,1,2016,0,0
269,3897,17,0,0,0,0,0,2020,0,0
270,45,283,1,1,0,0,0,2020,2,0
271,471,43,1,1,1,1,0,2010,2,0
272,14890,467,1,0,1,0,0,2021,0,0
273,32,27,1,1,0,0,0,2020,2,0
274,3888,27,0,0,0,0,0,2022,0,0
275,3890,27,0,0,0,0,0,2022,0,0
276,3887,109,0,0,0,0,0,2021,0,0
277,14884,142,1,1,0,0,0,2020,2,0
278,14883,67,1,1,1,0,0,2020,2,0
279,3883,87,1,1,0,0,0,2020,2,0
280,14820,181,1,0,1,1,0,2020,1,0
281,17265,336,0,0,1,0,0,2017,0,0
282,3882,165,1,0,1,1,0,2020,1,0
283,33,21,1,1,0,0,0,2019,2,0
284,17257,152,0,0,0,0,0,0,0,0
285,3880,183,1,1,1,0,0,2020,2,0
286,3871,57,1,1,1,0,0,2020,2,0
287,3876,536,1,0,1,1,0,2020,1,0
288,3873,193,1,1,1,0,0,2020,2,0
289,3870,33,1,1,0,0,0,2021,2,0
290,14773,347,1,0,1,1,0,2019,1,0
291,463,115,1,1,1,0,0,2019,2,0
292,14765,244,1,0,1,1,0,2020,1,0
293,14768,19,1,0,1,1,1,2009,0,0
294,14769,231,1,1,1,0,1,2020,2,0
295,14764,53,1,1,0,0,0,2020,2,0
296,3843,79,1,1,1,0,1,2020,2,0
297,3842,79,1,1,1,0,1,2020,2,0
298,17253,14,0,0,0,0,0,2020,0,0
299,3840,132,1,1,1,1,0,2020,2,0
300,3838,536,0,0,1,1,0,2001,1,0
301,14740,6,1,1,1,1,0,2018,2,0
302,14734,55,0,0,0,0,0,2019,0,0
303,3819,138,1,1,1,1,0,2021,2,0
304,3830,134,0,0,1,0,0,2020,0,0
305,14691,73,1,1,0,0,0,2020,2,0
306,14699,87,1,1,1,0,0,2019,2,0
307,461,245,1,0,1,1,0,2020,1,0
308,3824,52,0,0,0,0,0,2020,0,0
309,3825,16,1,1,0,0,1,2020,2,0
310,3832,52,0,0,0,0,0,2020,0,0
311,17878,11,0,0,1,1,0,2020,1,0
312,3829,7,0,0,1,1,0,2020,1,0
313,3822,161,1,0,1,1,0,2020,1,0
314,14647,380,1,0,1,1,0,2019,1,0
315,14658,48,1,1,1,0,0,2020,2,0
316,3818,285,1,1,1,1,0,2020,2,0
317,23,45,1,1,0,0,0,2020,2,0
318,25,54,1,1,1,0,0,2020,2,0
319,3815,316,1,0,1,1,0,2020,1,0
320,3812,315,0,0,1,1,0,2021,1,0
321,14613,5,1,1,0,0,0,2007,2,0
322,3809,8,0,0,0,0,0,2020,0,0
323,14561,20,0,0,1,0,0,2020,0,0
324,3810,207,1,1,1,1,1,2020,2,0
325,17263,141,1,1,1,1,0,2020,2,0
326,3807,133,0,0,1,1,0,2020,1,0
327,3802,83,1,0,0,0,0,2020,0,0
328,3806,10,0,0,0,0,0,2020,0,0
329,3800,257,1,1,1,1,0,2020,2,0
330,3796,35,0,0,0,0,0,2021,0,0
331,3798,57,1,1,0,0,0,2019,2,0
332,3797,410,1,1,1,1,0,2020,2,0
333,3795,410,1,1,1,1,0,2020,2,0
334,14410,114,1,1,1,0,1,2020,2,0
335,14404,84,1,1,1,0,0,2010,2,0
336,3792,87,0,0,1,1,0,2018,1,0
337,3791,50,0,0,1,1,0,2020,1,0
338,14390,18,1,1,0,0,1,2020,2,0
339,14394,93,1,1,1,1,0,2019,2,0
340,3787,243,1,0,1,1,0,2019,1,0
341,3778,39,0,0,1,1,0,2021,1,0
342,3777,276,1,0,1,1,0,2020,1,0
343,3780,82,0,0,1,1,0,2020,1,0
344,3772,50,1,1,1,0,1,2020,2,0
345,3783,148,1,0,1,1,0,2020,1,0
346,3775,392,1,1,1,0,0,2020,2,0
347,451,23,1,1,0,0,0,2020,2,0
348,3765,30,0,0,1,1,0,2017,1,0
349,3770,36,0,0,0,0,0,2017,0,0
350,22,532,1,0,1,1,0,2020,1,0
351,17569,14,1,1,1,0,1,2020,2,0
352,17120,32,1,0,1,0,0,2020,0,0
353,447,304,1,1,1,0,0,2020,2,0
354,3759,581,1,1,1,1,0,2020,2,0
355,3762,511,1,0,1,1,0,2020,1,0
356,3757,22,1,1,0,0,1,2020,2,0
357,3754,181,0,0,0,0,0,2019,0,0
358,14226,40,1,1,1,1,0,2020,2,0
359,3750,17,0,0,0,0,0,2020,0,0
360,3752,89,1,1,1,0,0,2020,2,0
361,14151,8,1,0,1,0,0,2020,0,0
362,3748,42,1,1,1,1,0,2020,2,0
363,14019,52,1,1,1,0,1,2020,2,0
364,3746,41,0,0,0,0,0,2020,0,0
365,17417,69,1,1,1,0,0,2020,2,0
366,17876,11,0,0,1,1,0,2020,1,0
367,442,467,1,0,1,0,0,2020,0,0
368,3744,271,1,1,1,1,0,2020,2,0
369,3743,89,0,0,1,1,0,2021,1,0
370,13971,73,0,0,1,0,0,2018,0,0
371,3740,314,1,1,1,1,0,2020,2,0
372,438,197,1,1,1,0,0,2020,2,0
373,18,507,1,0,1,1,0,2020,1,0
374,434,39,1,1,1,0,0,2019,2,0
375,13882,72,1,1,1,1,0,2020,2,0
376,3738,18,0,0,0,0,0,2020,0,0
377,3739,48,0,0,1,1,0,2020,1,0
378,13890,57,1,1,0,0,0,2020,2,0
379,13881,58,1,1,1,0,0,2020,2,0
380,345,178,1,1,1,0,0,2020,2,0
381,13876,9,1,0,0,0,1,2020,0,0
382,20,306,1,1,1,0,0,2020,2,0
383,13865,62,1,1,1,1,0,2020,2,0
384,13863,41,0,0,0,0,0,2020,0,0
385,13866,50,1,1,1,0,0,2010,2,0
386,17126,41,0,0,0,0,0,2020,0,0
387,13849,31,0,0,0,0,0,2020,0,0
388,3735,165,0,0,1,1,0,2020,1,0
389,432,160,1,0,1,1,0,2020,1,0
390,3732,125,1,1,1,0,0,2020,2,0
391,3733,83,1,0,1,0,0,2016,0,0
392,13770,83,1,1,1,0,0,2020,2,0
393,17062,130,0,0,1,0,0,2021,0,0
394,3727,124,1,1,1,0,0,2020,2,0
395,3726,225,1,0,1,1,0,2020,1,0
396,286,33,1,1,0,0,0,2020,2,0
397,3719,125,0,0,1,0,0,2020,0,0
398,17261,511,1,0,1,1,0,2020,1,0
399,13685,17,1,0,0,0,0,2020,0,0
400,3717,91,1,1,1,0,0,2020,2,0
401,280,39,0,0,1,0,0,2020,0,0
402,429,41,1,1,1,0,0,2020,2,0
403,3712,240,1,1,1,0,0,2020,2,0
404,3715,43,1,1,0,0,0,2020,2,0
405,3709,24,1,1,1,0,0,2021,2,0
406,13572,430,0,0,1,0,0,2000,0,0
407,3707,4,0,0,0,0,0,2020,0,0
408,13573,14,1,1,1,1,1,2020,2,0
409,13564,184,0,0,1,0,0,2020,0,0
410,13494,125,1,1,1,0,0,2020,2,0
411,13498,36,1,1,0,0,0,2020,2,0
412,3702,304,1,0,1,0,0,2020,0,0
413,13493,260,1,0,1,1,0,2020,1,0
414,3705,52,1,1,1,0,0,2019,2,0
415,3698,224,0,0,1,1,0,2020,1,0
416,3699,65,1,1,1,0,1,2019,2,0
417,268,30,0,0,1,0,0,2020,0,0
418,13443,41,1,1,0,0,0,2020,2,0
419,13420,45,1,1,0,0,0,2020,2,0
420,13399,38,1,1,0,0,0,2020,2,0
421,3693,52,1,0,1,0,0,2006,0,0
422,3695,133,0,0,1,1,0,2020,1,0
423,13426,89,1,1,0,0,0,2020,2,0
424,265,76,1,1,1,1,0,2020,2,0
425,13367,8,0,0,1,1,0,2004,1,0
426,13348,85,1,1,0,0,0,2020,2,0
427,13366,115,1,1,1,1,0,2020,2,0
428,13305,186,0,0,1,1,0,2020,1,0
429,13306,21,0,0,1,0,0,2019,0,0
430,3691,19,0,0,0,0,0,2019,0,0
431,13289,183,1,1,0,0,0,2020,2,0
432,3690,52,1,1,1,0,0,2020,2,0
433,13294,122,1,1,1,1,0,2020,2,0
434,3685,30,0,0,0,0,0,2005,0,0
435,3683,125,1,0,1,1,0,2020,1,0
436,17,28,1,1,1,1,0,2018,2,0
437,13251,57,0,0,0,0,0,2020,0,0
438,13241,216,1,0,1,1,0,2020,1,0
439,3680,20,0,0,0,0,0,2020,0,0
440,13230,33,0,0,0,0,0,2020,0,0
441,13174,3,1,1,0,0,0,2020,2,0
442,13181,40,1,1,1,1,0,2020,2,0
443,3678,96,1,1,1,0,0,2020,2,0
444,3674,28,0,0,1,1,0,2020,1,0
445,13147,16,1,1,0,0,1,2020,2,0
446,3667,213,1,0,1,1,0,2020,1,0
447,13145,41,1,1,0,0,0,2020,2,0
448,3668,27,1,0,1,1,1,2020,0,0
449,3666,41,1,1,0,0,0,2021,2,0
450,3663,11,0,0,0,0,0,2020,0,0
451,3662,548,1,0,1,1,0,2020,1,0
452,3657,387,1,0,1,1,0,2020,1,0
453,3660,6,0,0,0,0,0,2020,0,0
454,3661,76,1,0,1,0,0,2020,0,0
455,3659,64,1,1,1,1,0,2018,2,0
456,13103,96,1,1,1,1,0,2020,2,0
457,3654,41,0,0,0,0,0,2020,0,0
458,13035,169,1,0,1,1,0,2020,1,0
459,12998,43,1,1,1,0,1,2020,2,0
460,3652,69,1,1,1,0,0,2020,2,0
461,3650,128,1,1,1,0,1,2020,2,0
462,17259,125,1,1,1,0,0,2020,2,0
463,409,69,1,1,0,0,0,2020,2,0
464,17021,450,0,0,1,0,0,2020,0,0
465,3647,240,1,1,1,0,0,2020,2,0
466,3649,119,1,1,1,1,0,2020,2,0
467,3640,55,0,0,0,0,0,2008,0,0
468,247,83,1,0,0,0,0,2020,0,0
469,12934,243,1,0,1,1,0,2020,1,0
470,3638,76,1,1,1,0,0,2020,2,0
471,17039,331,0,0,1,0,0,2017,0,0
472,17032,11,0,0,0,0,0,2020,0,0
473,3636,33,1,0,0,0,0,2020,0,0
474,3622,316,1,0,1,1,0,2020,1,0
475,3631,95,1,1,1,1,0,2020,2,0
476,3624,54,0,0,0,0,0,2020,0,0
477,3620,54,0,0,0,0,0,2020,0,0
478,12865,52,1,1,1,0,0,2021,2,0
479,3612,119,1,1,0,0,0,2020,2,0
480,244,304,1,1,1,0,1,2020,2,0
481,12863,15,1,1,1,1,1,2020,2,0
482,3608,209,1,0,1,1,0,2020,1,0
483,3610,153,1,1,0,0,0,2020,2,0
484,17028,14,0,0,0,0,0,2020,0,0
485,3604,38,0,0,1,1,0,2018,1,0
486,3601,56,0,0,1,0,0,2019,0,0
487,399,145,1,0,1,1,0,2021,1,0
488,12740,63,1,1,1,0,0,2020,2,0
489,12738,81,1,1,1,0,0,2019,2,0
490,12752,258,1,0,1,1,0,2020,1,0
491,3594,157,1,0,1,1,0,2020,1,0
492,397,231,1,0,1,1,0,2020,1,0
493,12719,34,1,1,0,0,0,2021,2,0
494,395,186,1,0,1,1,0,2020,1,0
495,396,289,1,1,1,0,0,2020,2,0
496,3587,346,0,0,1,1,0,2019,1,0
497,3586,65,0,0,1,1,0,2019,1,0
498,12694,240,1,1,1,1,0,2019,2,0
499,12698,87,1,1,1,0,0,2020,2,0
500,3579,235,1,0,1,1,0,2019,1,0
501,3581,258,1,0,1,1,0,2020,1,0
502,12700,67,1,1,1,0,0,2020,2,0
503,3574,81,0,0,0,0,0,2020,0,0
504,12679,83,1,1,1,0,0,2020,2,0
505,3576,412,1,1,1,0,0,2016,2,0
506,12670,229,1,0,1,1,0,2020,1,0
507,12659,69,1,1,1,0,0,2020,2,0
508,12665,342,0,0,1,0,0,2018,0,0
509,393,79,1,1,1,0,0,2020,2,0
510,392,74,1,1,1,1,0,2020,2,0
511,12598,166,1,1,1,0,1,2018,2,0
512,16953,40,1,1,1,1,0,2020,2,0
513,3568,38,0,0,0,0,0,2019,0,0
514,3570,2,0,0,1,1,0,2020,1,0
515,3569,328,1,0,0,0,0,2020,0,0
516,387,42,1,1,1,0,0,2020,2,0
517,3565,227,0,0,1,0,0,2020,0,0
518,3552,84,0,0,1,0,0,2021,0,0
519,3559,178,1,1,1,1,0,2020,2,0
520,12550,97,1,0,0,0,0,2020,0,0
521,3550,128,1,1,1,1,0,2020,2,0
522,3554,9,0,0,0,0,0,2020,0,0
523,382,62,1,1,1,0,0,2020,2,0
524,3543,224,1,0,1,1,0,2020,1,0
525,3541,235,1,0,0,0,0,2001,0,0
526,16904,41,0,0,0,0,0,2020,0,0
527,12469,142,1,1,1,1,0,2020,2,0
528,12465,34,1,1,1,0,0,2020,2,0
529,12486,8,1,1,0,0,0,2020,2,0
530,12489,9,1,0,1,1,1,2020,0,0
531,376,98,1,1,1,0,1,2020,2,0
532,12458,44,0,0,0,0,0,2020,0,0
533,12451,63,1,1,1,1,0,2020,2,0
534,3538,133,0,0,0,0,0,2015,0,0
535,3535,24,1,1,0,0,0,2020,2,0
536,277,55,1,1,1,1,0,2020,2,0
537,12441,13,1,0,0,0,1,2021,0,0
538,12442,47,1,1,1,1,0,2019,2,0
539,16908,38,0,0,0,0,0,2021,0,0
540,3528,554,1,1,1,0,0,2020,2,0
541,3524,79,1,1,1,0,0,2020,2,0
542,12439,41,1,1,0,0,0,2020,2,0
543,17044,11,0,0,0,0,0,2020,0,0
544,3521,70,1,0,1,1,0,2020,1,0
545,3517,90,1,1,1,0,0,2020,2,0
546,3519,170,1,0,1,1,0,2017,1,0
547,16954,287,0,0,0,0,0,2020,0,0
548,12355,18,1,0,0,0,1,2021,0,0
549,3516,228,1,1,1,0,0,2019,2,0
550,365,16,0,0,0,0,0,2001,0,0
551,3514,653,0,0,1,0,0,2016,0,0
552,12347,112,1,1,1,1,0,2019,2,0
553,3515,181,1,0,1,1,0,2019,1,0
554,12352,17,1,0,0,0,1,2020,0,0
555,3513,179,0,0,1,0,0,0,0,0
556,11,25,1,1,1,1,0,2019,2,0
557,3511,56,0,0,1,0,0,2021,0,0
558,3506,52,1,1,1,0,0,2020,2,0
559,12319,105,0,0,1,1,0,2020,1,0
560,3505,73,1,1,1,0,0,2019,2,0
561,3503,55,0,0,0,0,0,2020,0,0
562,3499,216,1,0,1,1,0,2017,1,0
563,231,142,1,1,0,0,0,2020,2,0
564,16919,116,1,1,1,0,0,2020,2,0
565,351,49,0,0,1,1,0,2020,1,0
566,3483,50,1,1,1,1,0,2020,2,0
567,12286,239,1,1,1,1,0,2020,2,0
568,3480,96,0,0,0,0,0,2021,0,0
569,12288,258,1,1,1,0,0,2020,2,0
570,3489,34,1,1,0,0,0,2020,2,0
571,3494,289,1,0,0,0,0,2020,0,0
572,3482,287,0,0,0,0,0,2020,0,0
573,3479,357,1,0,1,1,0,2020,1,0
574,3475,28,1,1,0,0,0,2020,2,0
575,3471,57,1,1,1,0,0,2020,2,0
576,3476,77,1,1,1,0,0,2019,2,0
577,3473,82,1,1,1,0,0,2019,2,0
578,3472,554,1,1,1,0,0,2020,2,0
579,3474,82,0,0,1,1,0,2020,1,0
580,12219,325,1,1,1,0,0,2020,2,0
581,3470,82,1,1,1,0,0,2020,2,0
582,12191,17,1,0,0,0,1,2020,0,0
583,228,70,1,1,1,1,0,2020,2,0
584,12186,15,1,1,1,1,1,2020,2,0
585,3466,50,0,0,1,1,0,2020,1,0
586,3465,17,1,0,1,1,0,2020,1,0
587,3459,141,0,0,1,1,0,2015,1,0
588,3458,144,0,0,1,1,0,2020,1,0
589,12088,52,1,1,1,0,0,2019,2,0
590,3454,153,1,0,1,0,0,2020,0,0
591,3452,143,0,0,1,1,0,2020,1,0
592,3448,39,0,0,0,0,0,2020,0,0
593,12083,141,1,1,1,1,0,2019,2,0
594,3441,131,0,0,0,0,0,2018,0,0
595,3443,131,0,0,0,0,0,2018,0,0
596,3445,102,1,1,1,1,1,2020,2,0
597,3438,26,1,1,0,0,0,2020,2,0
598,16917,11,1,1,0,0,1,2020,2,0
599,12011,350,1,1,1,1,0,2020,2,0
600,12012,3,0,0,0,0,0,2018,0,0
601,340,120,1,1,1,1,0,2020,2,0
602,16995,232,1,0,0,0,0,2020,0,0
603,11919,6,0,0,1,1,0,2020,1,0
604,3435,435,0,0,1,1,0,2019,1,0
605,11897,166,1,1,1,0,0,2020,2,0
606,3432,169,0,0,1,1,0,2020,1,0
607,3422,130,0,0,1,1,0,2020,1,0
608,3420,106,0,0,1,0,0,2019,0,0
609,11845,108,1,1,1,1,0,2020,2,0
610,3416,112,0,0,0,0,0,2020,0,0
611,11769,76,0,0,1,1,0,2020,1,0
612,330,254,1,0,1,1,0,2020,1,0
613,3413,31,1,1,1,1,0,2014,2,0
614,3409,64,0,0,1,1,0,2019,1,0
615,329,67,1,1,0,0,0,2020,2,0
616,3407,56,1,1,0,0,1,2020,2,0
617,3406,190,0,0,1,1,0,2019,1,0
618,3405,52,1,1,1,0,1,2020,2,0
619,328,20,1,1,1,0,0,2019,2,0
620,3404,258,1,0,1,1,0,2020,1,0
621,11716,77,1,1,1,0,0,2020,2,0
622,11714,79,1,1,1,0,0,2020,2,0
623,11702,64,1,1,1,0,0,2020,2,0
624,3402,95,1,0,0,0,0,2020,0,0
625,3398,18,1,0,0,0,0,2020,0,0
626,16994,26,1,1,1,0,0,2020,2,0
627,325,495,1,0,1,1,0,2020,1,0
628,11671,24,0,0,0,0,0,2020,0,0
629,3394,29,1,1,1,0,1,2020,2,0
630,3387,194,1,0,1,0,0,2018,0,0
631,323,24,1,1,0,0,0,2017,2,0
632,11643,22,1,0,0,0,0,2021,0,0
633,321,293,1,1,1,1,0,2020,2,0
634,3384,50,0,0,1,1,0,2020,1,0
635,3383,272,1,0,1,0,0,2020,0,0
636,195,53,1,0,1,1,0,2020,1,0
637,196,277,1,1,1,1,0,2020,2,0
638,3379,62,1,1,0,0,0,2016,2,0
639,3380,133,1,1,0,0,0,2020,2,0
640,11634,94,1,1,1,0,0,2019,2,0
641,3377,68,0,0,0,0,0,2020,0,0
642,319,233,1,1,1,1,1,2020,2,0
643,3370,27,1,1,1,1,0,2020,2,0
644,3371,56,1,1,0,0,1,2020,2,0
645,11631,44,1,1,0,0,0,2020,2,0
646,3367,37,0,0,0,0,0,2016,0,0
647,16914,61,1,1,1,0,0,2018,2,0
648,3363,591,0,0,1,0,0,2021,0,0
649,313,178,1,0,1,1,1,2019,0,0
650,3361,9,0,0,0,0,0,2009,0,0
651,3360,202,1,1,1,0,0,2020,2,0
652,3359,204,1,0,1,1,0,2020,1,0
653,307,162,0,0,1,1,0,2020,1,0
654,3356,208,1,0,1,1,0,2020,1,0
655,207,215,1,1,1,0,1,2020,2,0
656,3348,69,1,1,1,0,0,2019,2,0
657,3350,277,1,1,1,1,0,2019,2,0
658,16913,29,0,0,0,0,0,2017,0,0
659,11567,57,0,0,0,0,0,2020,0,0
660,3346,829,1,1,0,0,0,2010,2,0
661,3345,96,1,1,1,0,0,2014,2,0
662,303,110,1,0,1,1,0,2020,1,0
663,3342,92,0,0,0,0,0,2020,0,0
664,3343,309,1,0,1,1,0,2019,1,0
665,3333,21,0,0,0,0,0,2021,0,0
666,11475,3,1,1,0,0,0,2018,2,0
667,297,39,0,0,1,0,0,2020,0,0
668,295,253,0,0,1,1,0,2018,1,0
669,296,66,1,1,1,0,0,2020,2,0
670,11436,76,1,0,1,0,0,2020,0,0
671,3331,130,1,0,1,0,0,2020,0,0
672,11419,39,1,1,0,0,1,2020,2,0
673,190,153,1,1,1,0,0,2020,2,0
674,3330,16,0,0,0,0,0,2000,0,0
675,16911,23,1,0,1,0,1,2020,0,0
676,11412,69,0,0,1,1,0,2020,1,0
677,11413,87,0,0,1,1,0,2020,1,0
678,9,36,1,1,0,0,0,2019,2,0
679,14963,152,0,0,0,0,0,0,0,0
680,3329,369,1,0,1,1,0,2020,1,0
681,189,48,1,1,1,1,0,2020,2,0
682,16910,185,0,0,1,1,0,2020,1,0
683,3319,72,1,1,1,1,0,2020,2,0
684,3314,126,1,1,0,0,0,2020,2,0
685,3317,50,1,1,0,0,1,2020,2,0
686,3315,89,1,1,1,0,0,2020,2,0
687,11311,72,1,1,1,1,0,2020,2,0
688,17005,15,1,1,0,0,1,2019,2,0
689,3306,82,0,0,1,1,0,2020,1,0
690,3304,64,1,1,1,0,0,2020,2,0
691,3308,14,0,0,0,0,0,2020,0,0
692,3299,30,0,0,0,0,0,2021,0,0
693,11271,143,1,1,1,0,0,2020,2,0
694,282,116,1,1,1,0,1,2020,2,0
695,3295,120,1,1,1,1,0,2020,2,0
696,3292,50,1,0,1,0,0,2020,0,0
697,3293,51,1,0,0,0,0,2020,0,0
698,3286,77,0,0,0,0,0,2021,0,0
699,3287,82,0,0,1,0,0,2021,0,0
700,3288,82,0,0,1,0,0,2021,0,0
701,3289,208,1,0,1,1,0,2020,1,0
702,3285,274,1,0,1,1,0,2020,1,0
703,3282,40,1,1,1,0,0,2019,2,0
704,186,181,1,0,1,1,0,2020,1,0
705,11208,162,1,0,1,1,0,2020,1,0
706,279,13,1,1,1,0,0,2019,2,0
707,11205,311,1,0,1,1,0,2020,1,0
708,3267,71,1,1,0,0,0,2019,2,0
709,11188,52,1,1,1,0,1,2020,2,0
710,11185,36,1,1,1,1,0,2020,2,0
711,3266,91,1,1,1,1,0,2020,2,0
712,276,28,1,0,1,1,0,2019,1,0
713,3263,126,0,0,1,0,0,2021,0,0
714,3265,155,0,0,1,1,0,2020,1,0
715,3261,312,1,0,1,1,0,2020,1,0
716,3260,343,1,1,1,0,0,2005,2,0
717,12,182,1,1,1,1,0,2020,2,0
718,11076,392,1,1,1,0,0,2020,2,0
719,3259,14,0,0,0,0,0,2020,0,0
720,3254,200,1,0,1,1,0,2020,1,0
721,3249,177,0,0,1,1,0,2019,1,0
722,3251,271,1,1,1,1,0,2020,2,0
723,3241,67,1,1,1,0,0,2019,2,0
724,14183,42,0,0,0,0,0,2019,0,0
725,274,410,1,1,1,0,0,2019,2,0
726,3236,180,0,0,1,0,0,0,0,0
727,3235,180,0,0,1,0,0,0,0,0
728,3234,200,1,0,1,1,0,2020,1,0
729,3233,180,0,0,1,0,0,0,0,0
730,3231,95,0,0,0,0,0,2019,0,0
731,271,135,0,0,1,1,0,2019,1,0
732,3221,324,1,1,1,0,0,2022,2,0
733,3211,77,1,1,1,0,0,2020,2,0
734,3217,265,0,0,1,1,0,2020,1,0
735,3212,507,0,0,1,1,0,2016,1,0
736,11048,15,1,1,1,1,0,2018,2,0
737,266,100,1,0,1,1,0,2019,1,0
738,3190,240,1,1,0,0,0,2019,2,0
739,3194,144,0,0,1,1,0,2020,1,0
740,3195,216,1,0,1,0,0,2020,0,0
741,3197,87,0,0,1,1,0,2017,1,0
742,3193,66,1,1,1,0,0,2019,2,0
743,3184,243,1,1,1,0,0,2019,2,0
744,11025,12,1,1,1,1,1,2018,2,0
745,3187,61,1,0,0,0,0,2019,0,0
746,3185,138,0,0,1,1,0,2020,1,0
747,11023,37,1,1,0,0,0,2021,2,0
748,11022,3,0,0,0,0,1,2019,0,0
749,256,153,1,1,1,1,0,2019,2,0
750,3180,151,1,0,1,1,0,2019,1,0
751,14167,249,1,0,1,1,0,2018,1,0
752,252,93,1,1,1,0,0,2019,2,0
753,251,96,1,1,1,1,0,2019,2,0
754,3177,2,1,1,0,0,0,2011,2,0
755,248,85,1,1,0,0,0,2019,2,0
756,3169,42,0,0,0,0,0,2011,0,0
757,3162,61,1,1,1,0,0,2018,2,0
758,3161,61,1,1,1,0,0,2018,2,0
759,10944,56,1,1,0,0,0,2019,2,0
760,3158,212,0,0,1,1,0,2019,1,0
761,10915,3,0,0,0,0,0,2018,0,0
762,10917,38,1,1,0,0,0,2019,2,0
763,10931,75,0,0,1,0,0,2020,0,0
764,8,135,1,1,1,0,0,2019,2,0
765,3154,193,0,0,1,1,0,2019,1,0
766,3152,212,0,0,1,1,0,2019,1,0
767,3157,387,1,0,1,1,0,2020,1,0
768,10897,196,1,1,1,1,0,2019,2,0
769,235,58,0,0,1,1,0,2019,1,0
770,14166,24,1,1,0,0,1,2019,2,0
771,3149,82,1,1,1,0,0,2019,2,0
772,3147,389,1,0,1,0,0,2015,0,0
773,3146,201,1,1,1,1,0,2019,2,0
774,232,178,1,1,1,1,0,2013,2,0
775,234,91,1,0,0,0,0,2020,0,0
776,10879,25,1,0,1,0,0,2019,0,0
777,10878,159,1,1,1,1,0,2019,2,0
778,14173,184,1,0,1,1,0,2020,1,0
779,10872,42,1,1,1,1,0,2019,2,0
780,3134,63,1,1,0,0,0,2019,2,0
781,3127,83,1,1,1,0,1,2019,2,0
782,16984,450,0,0,1,0,0,2020,0,0
783,10859,406,1,0,1,1,0,2020,1,0
784,3126,144,0,0,1,1,0,2020,1,0
785,3123,554,1,1,1,0,0,2020,2,0
786,224,25,1,1,0,0,0,2019,2,0
787,3119,63,0,0,1,1,0,2020,1,0
788,221,294,0,0,1,0,0,2019,0,0
789,10804,56,1,1,1,0,0,2020,2,0
790,10819,176,0,0,1,1,0,2021,1,0
791,3115,20,0,0,1,0,0,2018,0,0
792,10752,16,0,0,1,0,0,2019,0,0
793,3114,252,1,1,1,1,0,2019,2,0
794,219,35,1,1,1,0,0,2020,2,0
795,218,22,1,1,1,0,0,2019,2,0
796,216,53,1,1,1,0,0,2019,2,0
797,3106,41,0,0,1,0,0,2018,0,0
798,3102,48,1,1,0,0,0,2019,2,0
799,3101,65,1,1,1,0,0,2019,2,0
800,3100,234,1,1,1,1,0,2020,2,0
801,214,23,1,1,0,0,0,2019,2,0
802,10624,88,1,1,1,0,0,2019,2,0
803,10614,47,0,0,1,1,0,2019,1,0
804,10626,217,1,0,1,1,0,2019,1,0
805,3095,41,1,0,1,1,0,2020,1,0
806,211,76,1,1,0,0,0,2019,2,0
807,13781,41,0,0,0,0,0,2020,0,0
808,10593,59,0,0,1,1,0,2019,1,0
809,3092,17,1,1,0,0,0,2019,2,0
810,3089,142,1,0,1,0,0,2019,0,0
811,3090,189,1,1,1,1,0,2020,2,0
812,13787,44,1,1,0,0,0,2019,2,0
813,208,205,1,0,1,1,0,2019,1,0
814,3083,121,1,0,1,1,0,2005,1,0
815,3074,267,0,0,1,0,0,2019,0,0
816,3075,91,1,1,1,1,0,2019,2,0
817,3077,263,1,1,1,1,0,2019,2,0
818,3070,188,1,0,1,1,0,2019,1,0
819,3064,200,1,0,1,1,0,2020,1,0
820,161,165,1,1,0,0,0,2019,2,0
821,3055,36,1,1,0,0,0,2019,2,0
822,10480,60,1,1,1,0,1,2020,2,0
823,3048,216,1,0,1,1,0,2017,1,0
824,13786,84,1,1,1,0,0,2020,2,0
825,3042,267,1,1,0,0,0,2019,2,0
826,149,65,1,1,0,0,0,2020,2,0
827,3036,102,0,0,1,1,0,2019,1,0
828,10465,39,1,1,0,0,0,2019,2,0
829,17873,124,0,0,1,0,0,2019,0,0
830,10421,25,0,0,0,0,0,2019,0,0
831,3034,198,1,0,1,1,0,2019,1,0
832,13275,9,1,1,0,0,0,2019,2,0
833,3029,31,1,1,0,0,0,2019,2,0
834,155,9,1,0,1,0,0,2019,0,0
835,3028,102,1,1,0,0,0,2018,2,0
836,10359,50,1,1,1,1,0,2019,2,0
837,203,297,1,0,1,1,0,2019,1,0
838,3024,65,0,0,0,0,0,2008,0,0
839,3022,759,1,1,1,1,0,2019,2,0
840,10201,5,0,0,0,0,1,2020,0,0
841,3023,106,0,0,1,1,0,2020,1,0
842,10207,169,1,0,1,1,0,2004,1,0
843,10176,87,1,1,1,0,0,2019,2,0
844,3021,2,0,0,0,0,0,2019,0,0
845,3011,45,0,0,0,0,0,0,0,0
846,3009,75,1,0,1,1,0,2019,1,0
847,3012,20,0,0,0,0,0,2014,0,0
848,10173,5,1,1,0,0,0,2019,2,0
849,16932,326,0,0,1,0,0,2017,0,0
850,3018,52,1,1,1,0,1,2020,2,0
851,3020,76,1,0,1,1,0,2018,1,0
852,197,57,1,1,1,1,1,2019,2,0
853,10163,11,1,1,0,0,1,2019,2,0
854,3006,252,0,0,1,0,0,2019,0,0
855,10155,134,1,1,1,0,0,2019,2,0
856,10162,33,1,1,1,1,0,2010,2,0
857,3001,142,1,1,1,0,0,2019,2,0
858,10102,151,1,1,1,0,0,2019,2,0
859,3002,45,1,1,0,0,0,2019,2,0
860,194,25,0,0,0,0,0,2022,0,0
861,10093,109,1,1,1,1,0,2019,2,0
862,10088,65,1,1,1,0,1,2012,2,0
863,16966,143,1,0,1,1,0,2019,1,0
864,2997,182,0,0,1,0,0,2019,0,0
865,193,183,1,0,1,1,0,2018,1,0
866,10078,63,1,0,1,1,0,2000,1,0
867,10076,178,0,0,1,0,0,2019,0,0
868,10057,70,1,1,1,0,0,2018,2,0
869,2995,249,1,0,1,1,0,2019,1,0
870,2996,133,1,1,1,0,1,2019,2,0
871,10049,262,1,0,1,1,0,2019,1,0
872,10054,191,0,0,1,1,0,2019,1,0
873,16921,44,0,0,1,1,0,2019,1,0
874,10043,69,1,1,1,1,0,2020,2,0
875,2991,87,1,1,1,1,0,2019,2,0
876,2990,177,0,0,1,1,0,2019,1,0
877,2988,102,0,0,1,1,0,2019,1,0
878,9978,6,1,1,0,0,0,2019,2,0
879,12855,100,1,1,1,0,0,2019,2,0
880,2984,100,0,0,1,1,0,2019,1,0
881,2980,13,1,1,0,0,0,2019,2,0
882,2971,72,0,0,1,1,0,2019,1,0
883,2976,19,0,0,0,0,0,2018,0,0
884,2973,292,1,0,1,1,0,2019,1,0
885,2969,280,1,0,1,0,0,2021,0,0
886,2962,121,1,0,0,0,0,2018,0,0
887,2961,335,1,1,1,0,0,2019,2,0
888,2957,55,1,1,1,0,1,2017,2,0
889,2955,29,1,1,0,0,0,2019,2,0
890,2953,69,1,0,1,0,0,2018,0,0
891,2952,213,1,0,1,0,0,2020,0,0
892,177,4,1,1,0,0,0,2018,2,0
893,175,73,1,1,1,1,0,2014,2,0
894,9716,103,1,1,0,0,0,2019,2,0
895,2949,73,1,1,1,0,0,2019,2,0
896,2947,370,0,0,1,0,0,2021,0,0
897,171,114,1,1,1,1,0,2020,2,0
898,169,99,1,1,0,0,0,2019,2,0
899,2939,119,0,0,1,1,0,2019,1,0
900,2938,294,1,0,1,1,0,2019,1,0
901,2941,35,0,0,0,0,0,2018,0,0
902,2940,150,1,1,1,1,0,2019,2,0
903,2930,166,1,0,1,1,0,2019,1,0
904,9601,306,1,1,1,0,1,2019,2,0
905,9600,27,0,0,1,1,1,2019,0,0
906,2928,289,1,0,0,0,0,2020,0,0
907,2927,99,0,0,1,0,0,2018,0,0
908,9596,13,1,0,1,0,0,2018,0,0
909,160,156,1,0,1,1,0,2019,1,0
910,2920,202,1,1,1,0,0,2020,2,0
911,2917,56,1,1,1,0,0,2020,2,0
912,2916,94,0,0,1,1,0,2019,1,0
913,9584,74,1,1,1,1,0,2019,2,0
914,13776,15,1,0,1,0,1,2019,0,0
915,2912,34,1,0,0,0,0,2020,0,0
916,283,197,0,0,1,1,0,2020,1,0
